slot_id,cell_name,library,cell_type,is_fill,instance_count
BTAP,BTAP_chip_top_0_0,mcu9t5v0,and2_1,False,405
BTAP,BTAP_chip_top_0_0,mcu9t5v0,and2_2,False,31
BTAP,BTAP_chip_top_0_0,mcu9t5v0,and2_4,False,10
BTAP,BTAP_chip_top_0_0,mcu9t5v0,and3_1,False,72
BTAP,BTAP_chip_top_0_0,mcu9t5v0,and3_2,False,6
BTAP,BTAP_chip_top_0_0,mcu9t5v0,and3_4,False,1
BTAP,BTAP_chip_top_0_0,mcu9t5v0,and4_1,False,58
BTAP,BTAP_chip_top_0_0,mcu9t5v0,and4_2,False,8
BTAP,BTAP_chip_top_0_0,mcu9t5v0,and4_4,False,2
BTAP,BTAP_chip_top_0_0,mcu9t5v0,antenna,True,67
BTAP,BTAP_chip_top_0_0,mcu9t5v0,aoi211_1,False,325
BTAP,BTAP_chip_top_0_0,mcu9t5v0,aoi211_2,False,29
BTAP,BTAP_chip_top_0_0,mcu9t5v0,aoi211_4,False,11
BTAP,BTAP_chip_top_0_0,mcu9t5v0,aoi21_1,False,1969
BTAP,BTAP_chip_top_0_0,mcu9t5v0,aoi21_2,False,130
BTAP,BTAP_chip_top_0_0,mcu9t5v0,aoi21_4,False,53
BTAP,BTAP_chip_top_0_0,mcu9t5v0,aoi221_1,False,290
BTAP,BTAP_chip_top_0_0,mcu9t5v0,aoi221_2,False,122
BTAP,BTAP_chip_top_0_0,mcu9t5v0,aoi221_4,False,67
BTAP,BTAP_chip_top_0_0,mcu9t5v0,aoi22_1,False,496
BTAP,BTAP_chip_top_0_0,mcu9t5v0,aoi22_2,False,28
BTAP,BTAP_chip_top_0_0,mcu9t5v0,aoi22_4,False,15
BTAP,BTAP_chip_top_0_0,mcu9t5v0,buf_1,False,1202
BTAP,BTAP_chip_top_0_0,mcu9t5v0,buf_12,False,39
BTAP,BTAP_chip_top_0_0,mcu9t5v0,buf_16,False,5
BTAP,BTAP_chip_top_0_0,mcu9t5v0,buf_2,False,4001
BTAP,BTAP_chip_top_0_0,mcu9t5v0,buf_20,False,1
BTAP,BTAP_chip_top_0_0,mcu9t5v0,buf_3,False,164
BTAP,BTAP_chip_top_0_0,mcu9t5v0,buf_4,False,492
BTAP,BTAP_chip_top_0_0,mcu9t5v0,buf_8,False,175
BTAP,BTAP_chip_top_0_0,mcu9t5v0,clkbuf_1,False,930
BTAP,BTAP_chip_top_0_0,mcu9t5v0,clkbuf_12,False,55
BTAP,BTAP_chip_top_0_0,mcu9t5v0,clkbuf_16,False,25
BTAP,BTAP_chip_top_0_0,mcu9t5v0,clkbuf_2,False,1746
BTAP,BTAP_chip_top_0_0,mcu9t5v0,clkbuf_20,False,6
BTAP,BTAP_chip_top_0_0,mcu9t5v0,clkbuf_3,False,264
BTAP,BTAP_chip_top_0_0,mcu9t5v0,clkbuf_4,False,2036
BTAP,BTAP_chip_top_0_0,mcu9t5v0,clkbuf_8,False,570
BTAP,BTAP_chip_top_0_0,mcu9t5v0,clkinv_1,False,2005
BTAP,BTAP_chip_top_0_0,mcu9t5v0,clkinv_12,False,8
BTAP,BTAP_chip_top_0_0,mcu9t5v0,clkinv_2,False,139
BTAP,BTAP_chip_top_0_0,mcu9t5v0,clkinv_3,False,8
BTAP,BTAP_chip_top_0_0,mcu9t5v0,clkinv_4,False,8
BTAP,BTAP_chip_top_0_0,mcu9t5v0,clkinv_8,False,32
BTAP,BTAP_chip_top_0_0,mcu9t5v0,dffq_1,False,1638
BTAP,BTAP_chip_top_0_0,mcu9t5v0,dffq_2,False,84
BTAP,BTAP_chip_top_0_0,mcu9t5v0,dffq_4,False,29
BTAP,BTAP_chip_top_0_0,mcu9t5v0,dlya_1,False,184
BTAP,BTAP_chip_top_0_0,mcu9t5v0,dlya_4,False,28
BTAP,BTAP_chip_top_0_0,mcu9t5v0,dlyb_1,False,1425
BTAP,BTAP_chip_top_0_0,mcu9t5v0,dlyb_2,False,1
BTAP,BTAP_chip_top_0_0,mcu9t5v0,dlyc_1,False,1340
BTAP,BTAP_chip_top_0_0,mcu9t5v0,dlyd_1,False,231
BTAP,BTAP_chip_top_0_0,mcu9t5v0,endcap,True,6476
BTAP,BTAP_chip_top_0_0,mcu9t5v0,fill_1,True,18857
BTAP,BTAP_chip_top_0_0,mcu9t5v0,fill_2,True,17111
BTAP,BTAP_chip_top_0_0,mcu9t5v0,fillcap_16,True,7797
BTAP,BTAP_chip_top_0_0,mcu9t5v0,fillcap_32,True,7594
BTAP,BTAP_chip_top_0_0,mcu9t5v0,fillcap_4,True,33213
BTAP,BTAP_chip_top_0_0,mcu9t5v0,fillcap_64,True,19075
BTAP,BTAP_chip_top_0_0,mcu9t5v0,fillcap_8,True,11264
BTAP,BTAP_chip_top_0_0,mcu9t5v0,filltie,True,34730
BTAP,BTAP_chip_top_0_0,mcu9t5v0,inv_1,False,1021
BTAP,BTAP_chip_top_0_0,mcu9t5v0,inv_12,False,4
BTAP,BTAP_chip_top_0_0,mcu9t5v0,inv_16,False,3
BTAP,BTAP_chip_top_0_0,mcu9t5v0,inv_2,False,198
BTAP,BTAP_chip_top_0_0,mcu9t5v0,inv_20,False,4
BTAP,BTAP_chip_top_0_0,mcu9t5v0,inv_3,False,98
BTAP,BTAP_chip_top_0_0,mcu9t5v0,inv_4,False,94
BTAP,BTAP_chip_top_0_0,mcu9t5v0,inv_8,False,13
BTAP,BTAP_chip_top_0_0,mcu9t5v0,mux2_1,False,226
BTAP,BTAP_chip_top_0_0,mcu9t5v0,mux2_2,False,9
BTAP,BTAP_chip_top_0_0,mcu9t5v0,nand2_1,False,8783
BTAP,BTAP_chip_top_0_0,mcu9t5v0,nand2_2,False,608
BTAP,BTAP_chip_top_0_0,mcu9t5v0,nand2_4,False,296
BTAP,BTAP_chip_top_0_0,mcu9t5v0,nand3_1,False,1856
BTAP,BTAP_chip_top_0_0,mcu9t5v0,nand3_2,False,318
BTAP,BTAP_chip_top_0_0,mcu9t5v0,nand3_4,False,159
BTAP,BTAP_chip_top_0_0,mcu9t5v0,nand4_1,False,362
BTAP,BTAP_chip_top_0_0,mcu9t5v0,nand4_2,False,57
BTAP,BTAP_chip_top_0_0,mcu9t5v0,nand4_4,False,60
BTAP,BTAP_chip_top_0_0,mcu9t5v0,nor2_1,False,1997
BTAP,BTAP_chip_top_0_0,mcu9t5v0,nor2_2,False,269
BTAP,BTAP_chip_top_0_0,mcu9t5v0,nor2_4,False,158
BTAP,BTAP_chip_top_0_0,mcu9t5v0,nor3_1,False,173
BTAP,BTAP_chip_top_0_0,mcu9t5v0,nor3_2,False,45
BTAP,BTAP_chip_top_0_0,mcu9t5v0,nor3_4,False,41
BTAP,BTAP_chip_top_0_0,mcu9t5v0,nor4_1,False,91
BTAP,BTAP_chip_top_0_0,mcu9t5v0,nor4_2,False,20
BTAP,BTAP_chip_top_0_0,mcu9t5v0,nor4_4,False,35
BTAP,BTAP_chip_top_0_0,mcu9t5v0,oai211_1,False,555
BTAP,BTAP_chip_top_0_0,mcu9t5v0,oai211_2,False,26
BTAP,BTAP_chip_top_0_0,mcu9t5v0,oai211_4,False,9
BTAP,BTAP_chip_top_0_0,mcu9t5v0,oai21_1,False,1267
BTAP,BTAP_chip_top_0_0,mcu9t5v0,oai21_2,False,110
BTAP,BTAP_chip_top_0_0,mcu9t5v0,oai21_4,False,76
BTAP,BTAP_chip_top_0_0,mcu9t5v0,oai221_1,False,102
BTAP,BTAP_chip_top_0_0,mcu9t5v0,oai221_2,False,23
BTAP,BTAP_chip_top_0_0,mcu9t5v0,oai221_4,False,17
BTAP,BTAP_chip_top_0_0,mcu9t5v0,oai22_1,False,205
BTAP,BTAP_chip_top_0_0,mcu9t5v0,oai22_2,False,36
BTAP,BTAP_chip_top_0_0,mcu9t5v0,oai22_4,False,122
BTAP,BTAP_chip_top_0_0,mcu9t5v0,oai31_1,False,71
BTAP,BTAP_chip_top_0_0,mcu9t5v0,oai31_2,False,25
BTAP,BTAP_chip_top_0_0,mcu9t5v0,oai31_4,False,24
BTAP,BTAP_chip_top_0_0,mcu9t5v0,oai32_1,False,28
BTAP,BTAP_chip_top_0_0,mcu9t5v0,oai32_2,False,4
BTAP,BTAP_chip_top_0_0,mcu9t5v0,oai32_4,False,4
BTAP,BTAP_chip_top_0_0,mcu9t5v0,or2_1,False,404
BTAP,BTAP_chip_top_0_0,mcu9t5v0,or2_2,False,47
BTAP,BTAP_chip_top_0_0,mcu9t5v0,or2_4,False,4
BTAP,BTAP_chip_top_0_0,mcu9t5v0,or3_1,False,9
BTAP,BTAP_chip_top_0_0,mcu9t5v0,or4_1,False,10
BTAP,BTAP_chip_top_0_0,mcu9t5v0,or4_2,False,1
BTAP,BTAP_chip_top_0_0,mcu9t5v0,or4_4,False,1
BTAP,BTAP_chip_top_0_0,mcu9t5v0,tieh,True,34
BTAP,BTAP_chip_top_0_0,mcu9t5v0,tiel,True,265
BTAP,BTAP_chip_top_0_0,mcu9t5v0,xnor2_1,False,6
BTAP,BTAP_chip_top_0_0,mcu9t5v0,xnor2_4,False,1
BTAP,BTAP_chip_top_0_0,mcu9t5v0,xnor3_1,False,4
BTAP,BTAP_chip_top_0_0,mcu9t5v0,xnor3_2,False,1
BTAP,BTAP_chip_top_0_0,mcu9t5v0,xor2_1,False,16
BTAP,BTAP_chip_top_0_0,mcu9t5v0,xor2_2,False,2
BTAP,BTAP_chip_top_0_0,mcu9t5v0,xor2_4,False,1
BTAP,BTAP_chip_top_0_0,mcu9t5v0,xor3_1,False,17
RZ80,RZ80_chip_top_0_2,mcu9t5v0,and2_1,False,63
RZ80,RZ80_chip_top_0_2,mcu9t5v0,and3_1,False,25
RZ80,RZ80_chip_top_0_2,mcu9t5v0,and3_2,False,1
RZ80,RZ80_chip_top_0_2,mcu9t5v0,and4_1,False,12
RZ80,RZ80_chip_top_0_2,mcu9t5v0,antenna,True,31
RZ80,RZ80_chip_top_0_2,mcu9t5v0,aoi211_1,False,87
RZ80,RZ80_chip_top_0_2,mcu9t5v0,aoi211_2,False,3
RZ80,RZ80_chip_top_0_2,mcu9t5v0,aoi211_4,False,2
RZ80,RZ80_chip_top_0_2,mcu9t5v0,aoi21_1,False,259
RZ80,RZ80_chip_top_0_2,mcu9t5v0,aoi21_2,False,2
RZ80,RZ80_chip_top_0_2,mcu9t5v0,aoi21_4,False,1
RZ80,RZ80_chip_top_0_2,mcu9t5v0,aoi221_1,False,102
RZ80,RZ80_chip_top_0_2,mcu9t5v0,aoi221_2,False,1
RZ80,RZ80_chip_top_0_2,mcu9t5v0,aoi221_4,False,1
RZ80,RZ80_chip_top_0_2,mcu9t5v0,aoi222_1,False,32
RZ80,RZ80_chip_top_0_2,mcu9t5v0,aoi22_1,False,140
RZ80,RZ80_chip_top_0_2,mcu9t5v0,aoi22_2,False,1
RZ80,RZ80_chip_top_0_2,mcu9t5v0,aoi22_4,False,1
RZ80,RZ80_chip_top_0_2,mcu9t5v0,buf_1,False,76
RZ80,RZ80_chip_top_0_2,mcu9t5v0,buf_12,False,4
RZ80,RZ80_chip_top_0_2,mcu9t5v0,buf_2,False,91
RZ80,RZ80_chip_top_0_2,mcu9t5v0,buf_3,False,18
RZ80,RZ80_chip_top_0_2,mcu9t5v0,buf_4,False,108
RZ80,RZ80_chip_top_0_2,mcu9t5v0,buf_8,False,20
RZ80,RZ80_chip_top_0_2,mcu9t5v0,clkbuf_1,False,12
RZ80,RZ80_chip_top_0_2,mcu9t5v0,clkbuf_12,False,17
RZ80,RZ80_chip_top_0_2,mcu9t5v0,clkbuf_16,False,12
RZ80,RZ80_chip_top_0_2,mcu9t5v0,clkbuf_2,False,87
RZ80,RZ80_chip_top_0_2,mcu9t5v0,clkbuf_20,False,6
RZ80,RZ80_chip_top_0_2,mcu9t5v0,clkbuf_3,False,23
RZ80,RZ80_chip_top_0_2,mcu9t5v0,clkbuf_4,False,68
RZ80,RZ80_chip_top_0_2,mcu9t5v0,clkbuf_8,False,123
RZ80,RZ80_chip_top_0_2,mcu9t5v0,clkinv_1,False,171
RZ80,RZ80_chip_top_0_2,mcu9t5v0,clkinv_12,False,1
RZ80,RZ80_chip_top_0_2,mcu9t5v0,clkinv_4,False,2
RZ80,RZ80_chip_top_0_2,mcu9t5v0,clkinv_8,False,1
RZ80,RZ80_chip_top_0_2,mcu9t5v0,dffnsnq_1,False,2
RZ80,RZ80_chip_top_0_2,mcu9t5v0,dffnsnq_2,False,1
RZ80,RZ80_chip_top_0_2,mcu9t5v0,dffq_1,False,170
RZ80,RZ80_chip_top_0_2,mcu9t5v0,dffrnq_1,False,134
RZ80,RZ80_chip_top_0_2,mcu9t5v0,dffrnq_2,False,17
RZ80,RZ80_chip_top_0_2,mcu9t5v0,dffsnq_1,False,53
RZ80,RZ80_chip_top_0_2,mcu9t5v0,dffsnq_2,False,4
RZ80,RZ80_chip_top_0_2,mcu9t5v0,dlya_1,False,39
RZ80,RZ80_chip_top_0_2,mcu9t5v0,dlyc_1,False,257
RZ80,RZ80_chip_top_0_2,mcu9t5v0,dlyd_1,False,288
RZ80,RZ80_chip_top_0_2,mcu9t5v0,endcap,True,1680
RZ80,RZ80_chip_top_0_2,mcu9t5v0,fill_1,True,3802
RZ80,RZ80_chip_top_0_2,mcu9t5v0,fill_2,True,2979
RZ80,RZ80_chip_top_0_2,mcu9t5v0,fillcap_16,True,2621
RZ80,RZ80_chip_top_0_2,mcu9t5v0,fillcap_32,True,2318
RZ80,RZ80_chip_top_0_2,mcu9t5v0,fillcap_4,True,65049
RZ80,RZ80_chip_top_0_2,mcu9t5v0,fillcap_64,True,61902
RZ80,RZ80_chip_top_0_2,mcu9t5v0,fillcap_8,True,2791
RZ80,RZ80_chip_top_0_2,mcu9t5v0,filltie,True,65263
RZ80,RZ80_chip_top_0_2,mcu9t5v0,inv_1,False,7
RZ80,RZ80_chip_top_0_2,mcu9t5v0,inv_2,False,9
RZ80,RZ80_chip_top_0_2,mcu9t5v0,inv_3,False,9
RZ80,RZ80_chip_top_0_2,mcu9t5v0,inv_4,False,6
RZ80,RZ80_chip_top_0_2,mcu9t5v0,inv_8,False,2
RZ80,RZ80_chip_top_0_2,mcu9t5v0,mux2_1,False,309
RZ80,RZ80_chip_top_0_2,mcu9t5v0,mux4_1,False,38
RZ80,RZ80_chip_top_0_2,mcu9t5v0,nand2_1,False,699
RZ80,RZ80_chip_top_0_2,mcu9t5v0,nand2_2,False,10
RZ80,RZ80_chip_top_0_2,mcu9t5v0,nand2_4,False,4
RZ80,RZ80_chip_top_0_2,mcu9t5v0,nand3_1,False,164
RZ80,RZ80_chip_top_0_2,mcu9t5v0,nand3_2,False,7
RZ80,RZ80_chip_top_0_2,mcu9t5v0,nand3_4,False,1
RZ80,RZ80_chip_top_0_2,mcu9t5v0,nand4_1,False,66
RZ80,RZ80_chip_top_0_2,mcu9t5v0,nand4_4,False,2
RZ80,RZ80_chip_top_0_2,mcu9t5v0,nor2_1,False,347
RZ80,RZ80_chip_top_0_2,mcu9t5v0,nor2_2,False,16
RZ80,RZ80_chip_top_0_2,mcu9t5v0,nor2_4,False,8
RZ80,RZ80_chip_top_0_2,mcu9t5v0,nor3_1,False,87
RZ80,RZ80_chip_top_0_2,mcu9t5v0,nor3_2,False,7
RZ80,RZ80_chip_top_0_2,mcu9t5v0,nor3_4,False,1
RZ80,RZ80_chip_top_0_2,mcu9t5v0,nor4_1,False,59
RZ80,RZ80_chip_top_0_2,mcu9t5v0,nor4_2,False,6
RZ80,RZ80_chip_top_0_2,mcu9t5v0,oai211_1,False,144
RZ80,RZ80_chip_top_0_2,mcu9t5v0,oai211_2,False,1
RZ80,RZ80_chip_top_0_2,mcu9t5v0,oai21_1,False,236
RZ80,RZ80_chip_top_0_2,mcu9t5v0,oai21_2,False,7
RZ80,RZ80_chip_top_0_2,mcu9t5v0,oai221_1,False,35
RZ80,RZ80_chip_top_0_2,mcu9t5v0,oai221_2,False,1
RZ80,RZ80_chip_top_0_2,mcu9t5v0,oai222_1,False,9
RZ80,RZ80_chip_top_0_2,mcu9t5v0,oai22_1,False,63
RZ80,RZ80_chip_top_0_2,mcu9t5v0,oai22_2,False,1
RZ80,RZ80_chip_top_0_2,mcu9t5v0,oai31_1,False,93
RZ80,RZ80_chip_top_0_2,mcu9t5v0,oai31_2,False,3
RZ80,RZ80_chip_top_0_2,mcu9t5v0,oai31_4,False,1
RZ80,RZ80_chip_top_0_2,mcu9t5v0,oai32_1,False,7
RZ80,RZ80_chip_top_0_2,mcu9t5v0,oai33_1,False,4
RZ80,RZ80_chip_top_0_2,mcu9t5v0,or2_1,False,38
RZ80,RZ80_chip_top_0_2,mcu9t5v0,or2_2,False,2
RZ80,RZ80_chip_top_0_2,mcu9t5v0,or3_1,False,12
RZ80,RZ80_chip_top_0_2,mcu9t5v0,or4_1,False,8
RZ80,RZ80_chip_top_0_2,mcu9t5v0,or4_2,False,1
RZ80,RZ80_chip_top_0_2,mcu9t5v0,tieh,True,22
RZ80,RZ80_chip_top_0_2,mcu9t5v0,tiel,True,162
RZ80,RZ80_chip_top_0_2,mcu9t5v0,xnor2_1,False,83
RZ80,RZ80_chip_top_0_2,mcu9t5v0,xnor3_1,False,16
RZ80,RZ80_chip_top_0_2,mcu9t5v0,xor2_1,False,38
RZ80,RZ80_chip_top_0_2,mcu9t5v0,xor3_1,False,4
TZ01,TZ01_chip_top_0_4,mcu7t5v0,and2_1,False,536
TZ01,TZ01_chip_top_0_4,mcu7t5v0,and2_2,False,33
TZ01,TZ01_chip_top_0_4,mcu7t5v0,and2_4,False,30
TZ01,TZ01_chip_top_0_4,mcu7t5v0,and3_1,False,128
TZ01,TZ01_chip_top_0_4,mcu7t5v0,and3_2,False,11
TZ01,TZ01_chip_top_0_4,mcu7t5v0,and3_4,False,3
TZ01,TZ01_chip_top_0_4,mcu7t5v0,and4_1,False,90
TZ01,TZ01_chip_top_0_4,mcu7t5v0,and4_2,False,3
TZ01,TZ01_chip_top_0_4,mcu7t5v0,and4_4,False,7
TZ01,TZ01_chip_top_0_4,mcu7t5v0,antenna,True,12035
TZ01,TZ01_chip_top_0_4,mcu7t5v0,aoi211_1,False,467
TZ01,TZ01_chip_top_0_4,mcu7t5v0,aoi211_2,False,4
TZ01,TZ01_chip_top_0_4,mcu7t5v0,aoi211_4,False,8
TZ01,TZ01_chip_top_0_4,mcu7t5v0,aoi21_1,False,3218
TZ01,TZ01_chip_top_0_4,mcu7t5v0,aoi21_2,False,36
TZ01,TZ01_chip_top_0_4,mcu7t5v0,aoi21_4,False,28
TZ01,TZ01_chip_top_0_4,mcu7t5v0,aoi221_1,False,565
TZ01,TZ01_chip_top_0_4,mcu7t5v0,aoi221_2,False,11
TZ01,TZ01_chip_top_0_4,mcu7t5v0,aoi221_4,False,30
TZ01,TZ01_chip_top_0_4,mcu7t5v0,aoi222_1,False,395
TZ01,TZ01_chip_top_0_4,mcu7t5v0,aoi222_2,False,42
TZ01,TZ01_chip_top_0_4,mcu7t5v0,aoi222_4,False,10
TZ01,TZ01_chip_top_0_4,mcu7t5v0,aoi22_1,False,1985
TZ01,TZ01_chip_top_0_4,mcu7t5v0,aoi22_2,False,49
TZ01,TZ01_chip_top_0_4,mcu7t5v0,aoi22_4,False,24
TZ01,TZ01_chip_top_0_4,mcu7t5v0,buf_1,False,129
TZ01,TZ01_chip_top_0_4,mcu7t5v0,buf_12,False,82
TZ01,TZ01_chip_top_0_4,mcu7t5v0,buf_16,False,40
TZ01,TZ01_chip_top_0_4,mcu7t5v0,buf_2,False,7472
TZ01,TZ01_chip_top_0_4,mcu7t5v0,buf_20,False,41
TZ01,TZ01_chip_top_0_4,mcu7t5v0,buf_3,False,246
TZ01,TZ01_chip_top_0_4,mcu7t5v0,buf_4,False,1134
TZ01,TZ01_chip_top_0_4,mcu7t5v0,buf_8,False,1104
TZ01,TZ01_chip_top_0_4,mcu7t5v0,clkbuf_1,False,2331
TZ01,TZ01_chip_top_0_4,mcu7t5v0,clkbuf_16,False,519
TZ01,TZ01_chip_top_0_4,mcu7t5v0,clkbuf_2,False,247
TZ01,TZ01_chip_top_0_4,mcu7t5v0,clkbuf_20,False,6
TZ01,TZ01_chip_top_0_4,mcu7t5v0,clkbuf_3,False,194
TZ01,TZ01_chip_top_0_4,mcu7t5v0,clkbuf_4,False,122
TZ01,TZ01_chip_top_0_4,mcu7t5v0,clkbuf_8,False,1390
TZ01,TZ01_chip_top_0_4,mcu7t5v0,clkinv_1,False,2607
TZ01,TZ01_chip_top_0_4,mcu7t5v0,clkinv_12,False,9
TZ01,TZ01_chip_top_0_4,mcu7t5v0,clkinv_16,False,3
TZ01,TZ01_chip_top_0_4,mcu7t5v0,clkinv_2,False,128
TZ01,TZ01_chip_top_0_4,mcu7t5v0,clkinv_20,False,3
TZ01,TZ01_chip_top_0_4,mcu7t5v0,clkinv_3,False,27
TZ01,TZ01_chip_top_0_4,mcu7t5v0,clkinv_4,False,19
TZ01,TZ01_chip_top_0_4,mcu7t5v0,clkinv_8,False,33
TZ01,TZ01_chip_top_0_4,mcu7t5v0,dffnrnq_1,False,28
TZ01,TZ01_chip_top_0_4,mcu7t5v0,dffnsnq_1,False,10
TZ01,TZ01_chip_top_0_4,mcu7t5v0,dffq_1,False,4796
TZ01,TZ01_chip_top_0_4,mcu7t5v0,dffq_2,False,157
TZ01,TZ01_chip_top_0_4,mcu7t5v0,dffq_4,False,62
TZ01,TZ01_chip_top_0_4,mcu7t5v0,dffrnq_1,False,2495
TZ01,TZ01_chip_top_0_4,mcu7t5v0,dffrnq_2,False,49
TZ01,TZ01_chip_top_0_4,mcu7t5v0,dffrnq_4,False,27
TZ01,TZ01_chip_top_0_4,mcu7t5v0,dffsnq_1,False,881
TZ01,TZ01_chip_top_0_4,mcu7t5v0,dffsnq_2,False,7
TZ01,TZ01_chip_top_0_4,mcu7t5v0,dffsnq_4,False,2
TZ01,TZ01_chip_top_0_4,mcu7t5v0,dlyb_1,False,789
TZ01,TZ01_chip_top_0_4,mcu7t5v0,dlyc_2,False,902
TZ01,TZ01_chip_top_0_4,mcu7t5v0,dlyd_4,False,25
TZ01,TZ01_chip_top_0_4,mcu7t5v0,endcap,True,20186
TZ01,TZ01_chip_top_0_4,mcu7t5v0,fill_1,True,28011
TZ01,TZ01_chip_top_0_4,mcu7t5v0,fill_2,True,22660
TZ01,TZ01_chip_top_0_4,mcu7t5v0,fillcap_16,True,7604
TZ01,TZ01_chip_top_0_4,mcu7t5v0,fillcap_32,True,9712
TZ01,TZ01_chip_top_0_4,mcu7t5v0,fillcap_4,True,45774
TZ01,TZ01_chip_top_0_4,mcu7t5v0,fillcap_64,True,22008
TZ01,TZ01_chip_top_0_4,mcu7t5v0,fillcap_8,True,14454
TZ01,TZ01_chip_top_0_4,mcu7t5v0,filltie,True,45600
TZ01,TZ01_chip_top_0_4,mcu7t5v0,hold,False,26
TZ01,TZ01_chip_top_0_4,mcu7t5v0,inv_1,False,127
TZ01,TZ01_chip_top_0_4,mcu7t5v0,inv_12,False,7
TZ01,TZ01_chip_top_0_4,mcu7t5v0,inv_2,False,131
TZ01,TZ01_chip_top_0_4,mcu7t5v0,inv_20,False,2
TZ01,TZ01_chip_top_0_4,mcu7t5v0,inv_3,False,58
TZ01,TZ01_chip_top_0_4,mcu7t5v0,inv_4,False,68
TZ01,TZ01_chip_top_0_4,mcu7t5v0,inv_8,False,1
TZ01,TZ01_chip_top_0_4,mcu7t5v0,invz_1,False,1
TZ01,TZ01_chip_top_0_4,mcu7t5v0,invz_2,False,26
TZ01,TZ01_chip_top_0_4,mcu7t5v0,invz_4,False,13
TZ01,TZ01_chip_top_0_4,mcu7t5v0,invz_8,False,13
TZ01,TZ01_chip_top_0_4,mcu7t5v0,latrnq_1,False,26
TZ01,TZ01_chip_top_0_4,mcu7t5v0,mux2_2,False,2141
TZ01,TZ01_chip_top_0_4,mcu7t5v0,mux2_4,False,609
TZ01,TZ01_chip_top_0_4,mcu7t5v0,mux4_1,False,217
TZ01,TZ01_chip_top_0_4,mcu7t5v0,mux4_2,False,2
TZ01,TZ01_chip_top_0_4,mcu7t5v0,nand2_1,False,6591
TZ01,TZ01_chip_top_0_4,mcu7t5v0,nand2_2,False,166
TZ01,TZ01_chip_top_0_4,mcu7t5v0,nand2_4,False,159
TZ01,TZ01_chip_top_0_4,mcu7t5v0,nand3_1,False,709
TZ01,TZ01_chip_top_0_4,mcu7t5v0,nand3_2,False,44
TZ01,TZ01_chip_top_0_4,mcu7t5v0,nand3_4,False,18
TZ01,TZ01_chip_top_0_4,mcu7t5v0,nand4_1,False,300
TZ01,TZ01_chip_top_0_4,mcu7t5v0,nand4_2,False,9
TZ01,TZ01_chip_top_0_4,mcu7t5v0,nand4_4,False,13
TZ01,TZ01_chip_top_0_4,mcu7t5v0,nor2_1,False,3070
TZ01,TZ01_chip_top_0_4,mcu7t5v0,nor2_2,False,90
TZ01,TZ01_chip_top_0_4,mcu7t5v0,nor2_4,False,112
TZ01,TZ01_chip_top_0_4,mcu7t5v0,nor3_1,False,337
TZ01,TZ01_chip_top_0_4,mcu7t5v0,nor3_2,False,34
TZ01,TZ01_chip_top_0_4,mcu7t5v0,nor3_4,False,36
TZ01,TZ01_chip_top_0_4,mcu7t5v0,nor4_1,False,123
TZ01,TZ01_chip_top_0_4,mcu7t5v0,nor4_2,False,13
TZ01,TZ01_chip_top_0_4,mcu7t5v0,nor4_4,False,41
TZ01,TZ01_chip_top_0_4,mcu7t5v0,oai211_1,False,771
TZ01,TZ01_chip_top_0_4,mcu7t5v0,oai211_2,False,2
TZ01,TZ01_chip_top_0_4,mcu7t5v0,oai211_4,False,6
TZ01,TZ01_chip_top_0_4,mcu7t5v0,oai21_1,False,4150
TZ01,TZ01_chip_top_0_4,mcu7t5v0,oai21_2,False,19
TZ01,TZ01_chip_top_0_4,mcu7t5v0,oai21_4,False,80
TZ01,TZ01_chip_top_0_4,mcu7t5v0,oai221_1,False,93
TZ01,TZ01_chip_top_0_4,mcu7t5v0,oai221_2,False,12
TZ01,TZ01_chip_top_0_4,mcu7t5v0,oai221_4,False,3
TZ01,TZ01_chip_top_0_4,mcu7t5v0,oai222_1,False,11
TZ01,TZ01_chip_top_0_4,mcu7t5v0,oai222_2,False,1
TZ01,TZ01_chip_top_0_4,mcu7t5v0,oai22_1,False,298
TZ01,TZ01_chip_top_0_4,mcu7t5v0,oai22_2,False,23
TZ01,TZ01_chip_top_0_4,mcu7t5v0,oai22_4,False,22
TZ01,TZ01_chip_top_0_4,mcu7t5v0,oai31_1,False,140
TZ01,TZ01_chip_top_0_4,mcu7t5v0,oai31_2,False,10
TZ01,TZ01_chip_top_0_4,mcu7t5v0,oai31_4,False,4
TZ01,TZ01_chip_top_0_4,mcu7t5v0,oai32_1,False,69
TZ01,TZ01_chip_top_0_4,mcu7t5v0,oai32_2,False,9
TZ01,TZ01_chip_top_0_4,mcu7t5v0,oai32_4,False,13
TZ01,TZ01_chip_top_0_4,mcu7t5v0,or2_1,False,321
TZ01,TZ01_chip_top_0_4,mcu7t5v0,or2_2,False,16
TZ01,TZ01_chip_top_0_4,mcu7t5v0,or2_4,False,8
TZ01,TZ01_chip_top_0_4,mcu7t5v0,or3_1,False,72
TZ01,TZ01_chip_top_0_4,mcu7t5v0,or3_2,False,2
TZ01,TZ01_chip_top_0_4,mcu7t5v0,or3_4,False,3
TZ01,TZ01_chip_top_0_4,mcu7t5v0,or4_1,False,48
TZ01,TZ01_chip_top_0_4,mcu7t5v0,or4_2,False,3
TZ01,TZ01_chip_top_0_4,mcu7t5v0,or4_4,False,1
TZ01,TZ01_chip_top_0_4,mcu7t5v0,tieh,True,53
TZ01,TZ01_chip_top_0_4,mcu7t5v0,tiel,True,263
TZ01,TZ01_chip_top_0_4,mcu7t5v0,xnor2_1,False,110
TZ01,TZ01_chip_top_0_4,mcu7t5v0,xnor2_2,False,1
TZ01,TZ01_chip_top_0_4,mcu7t5v0,xnor3_1,False,12
TZ01,TZ01_chip_top_0_4,mcu7t5v0,xor2_1,False,469
TZ01,TZ01_chip_top_0_4,mcu7t5v0,xor2_2,False,3
TZ01,TZ01_chip_top_0_4,mcu7t5v0,xor2_4,False,2
TZ01,TZ01_chip_top_0_4,mcu7t5v0,xor3_1,False,48
TZ01,TZ01_chip_top_0_4,mcu7t5v0,xor3_2,False,1
2975,2975_chip_top_0_6,mcu7t5v0,and2_1,False,10259
2975,2975_chip_top_0_6,mcu7t5v0,and2_2,False,1
2975,2975_chip_top_0_6,mcu7t5v0,and3_1,False,2094
2975,2975_chip_top_0_6,mcu7t5v0,and3_2,False,3
2975,2975_chip_top_0_6,mcu7t5v0,and4_1,False,354
2975,2975_chip_top_0_6,mcu7t5v0,and4_2,False,4
2975,2975_chip_top_0_6,mcu7t5v0,antenna,True,1233
2975,2975_chip_top_0_6,mcu7t5v0,aoi211_1,False,2219
2975,2975_chip_top_0_6,mcu7t5v0,aoi211_2,False,19
2975,2975_chip_top_0_6,mcu7t5v0,aoi211_4,False,3
2975,2975_chip_top_0_6,mcu7t5v0,aoi21_1,False,17686
2975,2975_chip_top_0_6,mcu7t5v0,aoi21_2,False,13
2975,2975_chip_top_0_6,mcu7t5v0,aoi21_4,False,1
2975,2975_chip_top_0_6,mcu7t5v0,aoi221_1,False,440
2975,2975_chip_top_0_6,mcu7t5v0,aoi221_2,False,6
2975,2975_chip_top_0_6,mcu7t5v0,aoi221_4,False,1
2975,2975_chip_top_0_6,mcu7t5v0,aoi222_1,False,80
2975,2975_chip_top_0_6,mcu7t5v0,aoi22_1,False,2891
2975,2975_chip_top_0_6,mcu7t5v0,aoi22_2,False,3
2975,2975_chip_top_0_6,mcu7t5v0,buf_1,False,151
2975,2975_chip_top_0_6,mcu7t5v0,buf_12,False,322
2975,2975_chip_top_0_6,mcu7t5v0,buf_2,False,7279
2975,2975_chip_top_0_6,mcu7t5v0,buf_3,False,371
2975,2975_chip_top_0_6,mcu7t5v0,buf_4,False,1082
2975,2975_chip_top_0_6,mcu7t5v0,buf_8,False,967
2975,2975_chip_top_0_6,mcu7t5v0,clkbuf_1,False,1062
2975,2975_chip_top_0_6,mcu7t5v0,clkbuf_12,False,13
2975,2975_chip_top_0_6,mcu7t5v0,clkbuf_16,False,1
2975,2975_chip_top_0_6,mcu7t5v0,clkbuf_2,False,1467
2975,2975_chip_top_0_6,mcu7t5v0,clkbuf_3,False,247
2975,2975_chip_top_0_6,mcu7t5v0,clkbuf_4,False,210
2975,2975_chip_top_0_6,mcu7t5v0,clkbuf_8,False,1888
2975,2975_chip_top_0_6,mcu7t5v0,clkinv_1,False,18206
2975,2975_chip_top_0_6,mcu7t5v0,clkinv_12,False,19
2975,2975_chip_top_0_6,mcu7t5v0,clkinv_16,False,2
2975,2975_chip_top_0_6,mcu7t5v0,clkinv_2,False,23
2975,2975_chip_top_0_6,mcu7t5v0,clkinv_20,False,3
2975,2975_chip_top_0_6,mcu7t5v0,clkinv_3,False,3
2975,2975_chip_top_0_6,mcu7t5v0,clkinv_4,False,85
2975,2975_chip_top_0_6,mcu7t5v0,clkinv_8,False,74
2975,2975_chip_top_0_6,mcu7t5v0,dffq_1,False,11507
2975,2975_chip_top_0_6,mcu7t5v0,dffq_2,False,255
2975,2975_chip_top_0_6,mcu7t5v0,dffq_4,False,5
2975,2975_chip_top_0_6,mcu7t5v0,dffrnq_1,False,2078
2975,2975_chip_top_0_6,mcu7t5v0,dlya_1,False,42
2975,2975_chip_top_0_6,mcu7t5v0,dlyb_1,False,11880
2975,2975_chip_top_0_6,mcu7t5v0,dlyc_1,False,6591
2975,2975_chip_top_0_6,mcu7t5v0,endcap,True,9208
2975,2975_chip_top_0_6,mcu7t5v0,fill_1,True,107716
2975,2975_chip_top_0_6,mcu7t5v0,fill_2,True,98068
2975,2975_chip_top_0_6,mcu7t5v0,fillcap_16,True,17167
2975,2975_chip_top_0_6,mcu7t5v0,fillcap_32,True,5659
2975,2975_chip_top_0_6,mcu7t5v0,fillcap_4,True,85284
2975,2975_chip_top_0_6,mcu7t5v0,fillcap_64,True,12082
2975,2975_chip_top_0_6,mcu7t5v0,fillcap_8,True,43018
2975,2975_chip_top_0_6,mcu7t5v0,filltie,True,84042
2975,2975_chip_top_0_6,mcu7t5v0,inv_1,False,6158
2975,2975_chip_top_0_6,mcu7t5v0,inv_12,False,7
2975,2975_chip_top_0_6,mcu7t5v0,inv_2,False,163
2975,2975_chip_top_0_6,mcu7t5v0,inv_20,False,2
2975,2975_chip_top_0_6,mcu7t5v0,inv_3,False,122
2975,2975_chip_top_0_6,mcu7t5v0,inv_4,False,110
2975,2975_chip_top_0_6,mcu7t5v0,inv_8,False,5
2975,2975_chip_top_0_6,mcu7t5v0,mux2_1,False,6
2975,2975_chip_top_0_6,mcu7t5v0,mux2_2,False,2701
2975,2975_chip_top_0_6,mcu7t5v0,nand2_1,False,54830
2975,2975_chip_top_0_6,mcu7t5v0,nand2_2,False,30
2975,2975_chip_top_0_6,mcu7t5v0,nand2_4,False,3
2975,2975_chip_top_0_6,mcu7t5v0,nand3_1,False,5618
2975,2975_chip_top_0_6,mcu7t5v0,nand3_2,False,3
2975,2975_chip_top_0_6,mcu7t5v0,nand4_1,False,1196
2975,2975_chip_top_0_6,mcu7t5v0,nand4_2,False,8
2975,2975_chip_top_0_6,mcu7t5v0,nand4_4,False,1
2975,2975_chip_top_0_6,mcu7t5v0,nor2_1,False,28820
2975,2975_chip_top_0_6,mcu7t5v0,nor2_2,False,72
2975,2975_chip_top_0_6,mcu7t5v0,nor2_4,False,23
2975,2975_chip_top_0_6,mcu7t5v0,nor3_1,False,2757
2975,2975_chip_top_0_6,mcu7t5v0,nor3_2,False,11
2975,2975_chip_top_0_6,mcu7t5v0,nor4_1,False,836
2975,2975_chip_top_0_6,mcu7t5v0,nor4_2,False,24
2975,2975_chip_top_0_6,mcu7t5v0,nor4_4,False,10
2975,2975_chip_top_0_6,mcu7t5v0,oai211_1,False,1017
2975,2975_chip_top_0_6,mcu7t5v0,oai211_2,False,11
2975,2975_chip_top_0_6,mcu7t5v0,oai211_4,False,4
2975,2975_chip_top_0_6,mcu7t5v0,oai21_1,False,18654
2975,2975_chip_top_0_6,mcu7t5v0,oai21_2,False,37
2975,2975_chip_top_0_6,mcu7t5v0,oai21_4,False,14
2975,2975_chip_top_0_6,mcu7t5v0,oai221_1,False,217
2975,2975_chip_top_0_6,mcu7t5v0,oai221_2,False,1
2975,2975_chip_top_0_6,mcu7t5v0,oai222_1,False,19
2975,2975_chip_top_0_6,mcu7t5v0,oai22_1,False,1350
2975,2975_chip_top_0_6,mcu7t5v0,oai22_2,False,5
2975,2975_chip_top_0_6,mcu7t5v0,oai22_4,False,1
2975,2975_chip_top_0_6,mcu7t5v0,oai31_1,False,1401
2975,2975_chip_top_0_6,mcu7t5v0,oai31_2,False,28
2975,2975_chip_top_0_6,mcu7t5v0,oai31_4,False,7
2975,2975_chip_top_0_6,mcu7t5v0,oai32_1,False,1189
2975,2975_chip_top_0_6,mcu7t5v0,oai32_2,False,2
2975,2975_chip_top_0_6,mcu7t5v0,oai32_4,False,1
2975,2975_chip_top_0_6,mcu7t5v0,oai33_1,False,115
2975,2975_chip_top_0_6,mcu7t5v0,or2_1,False,6637
2975,2975_chip_top_0_6,mcu7t5v0,or2_2,False,3
2975,2975_chip_top_0_6,mcu7t5v0,or2_4,False,1
2975,2975_chip_top_0_6,mcu7t5v0,or3_1,False,1058
2975,2975_chip_top_0_6,mcu7t5v0,or3_2,False,2
2975,2975_chip_top_0_6,mcu7t5v0,or4_1,False,217
2975,2975_chip_top_0_6,mcu7t5v0,or4_2,False,1
2975,2975_chip_top_0_6,mcu7t5v0,tieh,True,22
2975,2975_chip_top_0_6,mcu7t5v0,tiel,True,78
2975,2975_chip_top_0_6,mcu7t5v0,xnor2_1,False,18783
2975,2975_chip_top_0_6,mcu7t5v0,xnor2_2,False,184
2975,2975_chip_top_0_6,mcu7t5v0,xnor2_4,False,1
2975,2975_chip_top_0_6,mcu7t5v0,xnor3_1,False,2044
2975,2975_chip_top_0_6,mcu7t5v0,xnor3_2,False,91
2975,2975_chip_top_0_6,mcu7t5v0,xnor3_4,False,13
2975,2975_chip_top_0_6,mcu7t5v0,xor2_1,False,51533
2975,2975_chip_top_0_6,mcu7t5v0,xor2_2,False,250
2975,2975_chip_top_0_6,mcu7t5v0,xor3_1,False,6012
2975,2975_chip_top_0_6,mcu7t5v0,xor3_2,False,99
2975,2975_chip_top_0_6,mcu7t5v0,xor3_4,False,12
JKU2,JKU2_chip_top_0_8,mcu7t5v0,antenna,True,1
JKU2,JKU2_chip_top_0_8,mcu7t5v0,buf_8,False,5
JKU2,JKU2_chip_top_0_8,mcu7t5v0,endcap,True,1716
JKU2,JKU2_chip_top_0_8,mcu7t5v0,fill_1,True,939
JKU2,JKU2_chip_top_0_8,mcu7t5v0,fill_2,True,626
JKU2,JKU2_chip_top_0_8,mcu7t5v0,fillcap_16,True,796
JKU2,JKU2_chip_top_0_8,mcu7t5v0,fillcap_32,True,2093
JKU2,JKU2_chip_top_0_8,mcu7t5v0,fillcap_4,True,7159
JKU2,JKU2_chip_top_0_8,mcu7t5v0,fillcap_64,True,6801
JKU2,JKU2_chip_top_0_8,mcu7t5v0,fillcap_8,True,817
JKU2,JKU2_chip_top_0_8,mcu7t5v0,filltie,True,8560
JKU2,JKU2_chip_top_0_8,mcu7t5v0,tieh,True,33
JKU2,JKU2_chip_top_0_8,mcu7t5v0,tiel,True,193
JKU2,JKU2_chip_top_0_8,mcu9t5v0,and2_1,False,3174
JKU2,JKU2_chip_top_0_8,mcu9t5v0,and2_2,False,7
JKU2,JKU2_chip_top_0_8,mcu9t5v0,and2_4,False,1
JKU2,JKU2_chip_top_0_8,mcu9t5v0,and3_1,False,40
JKU2,JKU2_chip_top_0_8,mcu9t5v0,and3_2,False,3
JKU2,JKU2_chip_top_0_8,mcu9t5v0,and4_1,False,11
JKU2,JKU2_chip_top_0_8,mcu9t5v0,and4_2,False,3
JKU2,JKU2_chip_top_0_8,mcu9t5v0,and4_4,False,1
JKU2,JKU2_chip_top_0_8,mcu9t5v0,antenna,True,66
JKU2,JKU2_chip_top_0_8,mcu9t5v0,aoi211_1,False,110
JKU2,JKU2_chip_top_0_8,mcu9t5v0,aoi211_2,False,14
JKU2,JKU2_chip_top_0_8,mcu9t5v0,aoi211_4,False,4
JKU2,JKU2_chip_top_0_8,mcu9t5v0,aoi21_1,False,331
JKU2,JKU2_chip_top_0_8,mcu9t5v0,aoi21_2,False,14
JKU2,JKU2_chip_top_0_8,mcu9t5v0,aoi21_4,False,2
JKU2,JKU2_chip_top_0_8,mcu9t5v0,aoi221_1,False,70
JKU2,JKU2_chip_top_0_8,mcu9t5v0,aoi221_2,False,7
JKU2,JKU2_chip_top_0_8,mcu9t5v0,aoi221_4,False,4
JKU2,JKU2_chip_top_0_8,mcu9t5v0,aoi222_1,False,15
JKU2,JKU2_chip_top_0_8,mcu9t5v0,aoi222_2,False,1
JKU2,JKU2_chip_top_0_8,mcu9t5v0,aoi22_1,False,98
JKU2,JKU2_chip_top_0_8,mcu9t5v0,aoi22_2,False,3
JKU2,JKU2_chip_top_0_8,mcu9t5v0,buf_1,False,4322
JKU2,JKU2_chip_top_0_8,mcu9t5v0,buf_12,False,2
JKU2,JKU2_chip_top_0_8,mcu9t5v0,buf_2,False,416
JKU2,JKU2_chip_top_0_8,mcu9t5v0,buf_3,False,1
JKU2,JKU2_chip_top_0_8,mcu9t5v0,buf_4,False,68
JKU2,JKU2_chip_top_0_8,mcu9t5v0,buf_8,False,4
JKU2,JKU2_chip_top_0_8,mcu9t5v0,clkbuf_1,False,168
JKU2,JKU2_chip_top_0_8,mcu9t5v0,clkbuf_12,False,2
JKU2,JKU2_chip_top_0_8,mcu9t5v0,clkbuf_16,False,33
JKU2,JKU2_chip_top_0_8,mcu9t5v0,clkbuf_2,False,80
JKU2,JKU2_chip_top_0_8,mcu9t5v0,clkbuf_3,False,1
JKU2,JKU2_chip_top_0_8,mcu9t5v0,clkbuf_4,False,92
JKU2,JKU2_chip_top_0_8,mcu9t5v0,clkbuf_8,False,313
JKU2,JKU2_chip_top_0_8,mcu9t5v0,clkinv_1,False,405
JKU2,JKU2_chip_top_0_8,mcu9t5v0,clkinv_12,False,2
JKU2,JKU2_chip_top_0_8,mcu9t5v0,clkinv_2,False,56
JKU2,JKU2_chip_top_0_8,mcu9t5v0,clkinv_3,False,4
JKU2,JKU2_chip_top_0_8,mcu9t5v0,clkinv_8,False,6
JKU2,JKU2_chip_top_0_8,mcu9t5v0,dffrnq_1,False,3246
JKU2,JKU2_chip_top_0_8,mcu9t5v0,dffrnq_2,False,7
JKU2,JKU2_chip_top_0_8,mcu9t5v0,dffsnq_1,False,39
JKU2,JKU2_chip_top_0_8,mcu9t5v0,dlya_1,False,11
JKU2,JKU2_chip_top_0_8,mcu9t5v0,dlyb_1,False,218
JKU2,JKU2_chip_top_0_8,mcu9t5v0,dlyb_2,False,4
JKU2,JKU2_chip_top_0_8,mcu9t5v0,dlyc_1,False,5
JKU2,JKU2_chip_top_0_8,mcu9t5v0,dlyd_1,False,1907
JKU2,JKU2_chip_top_0_8,mcu9t5v0,endcap,True,498
JKU2,JKU2_chip_top_0_8,mcu9t5v0,fill_1,True,12727
JKU2,JKU2_chip_top_0_8,mcu9t5v0,fill_2,True,11792
JKU2,JKU2_chip_top_0_8,mcu9t5v0,fillcap_16,True,8642
JKU2,JKU2_chip_top_0_8,mcu9t5v0,fillcap_32,True,6224
JKU2,JKU2_chip_top_0_8,mcu9t5v0,fillcap_4,True,16726
JKU2,JKU2_chip_top_0_8,mcu9t5v0,fillcap_64,True,4833
JKU2,JKU2_chip_top_0_8,mcu9t5v0,fillcap_8,True,9888
JKU2,JKU2_chip_top_0_8,mcu9t5v0,filltie,True,17078
JKU2,JKU2_chip_top_0_8,mcu9t5v0,inv_1,False,37
JKU2,JKU2_chip_top_0_8,mcu9t5v0,inv_2,False,38
JKU2,JKU2_chip_top_0_8,mcu9t5v0,inv_3,False,22
JKU2,JKU2_chip_top_0_8,mcu9t5v0,inv_4,False,13
JKU2,JKU2_chip_top_0_8,mcu9t5v0,inv_8,False,1
JKU2,JKU2_chip_top_0_8,mcu9t5v0,mux2_1,False,2948
JKU2,JKU2_chip_top_0_8,mcu9t5v0,mux2_2,False,10
JKU2,JKU2_chip_top_0_8,mcu9t5v0,mux4_1,False,782
JKU2,JKU2_chip_top_0_8,mcu9t5v0,nand2_1,False,791
JKU2,JKU2_chip_top_0_8,mcu9t5v0,nand2_2,False,5
JKU2,JKU2_chip_top_0_8,mcu9t5v0,nand2_4,False,1
JKU2,JKU2_chip_top_0_8,mcu9t5v0,nand3_1,False,197
JKU2,JKU2_chip_top_0_8,mcu9t5v0,nand3_2,False,4
JKU2,JKU2_chip_top_0_8,mcu9t5v0,nand4_1,False,49
JKU2,JKU2_chip_top_0_8,mcu9t5v0,nand4_2,False,2
JKU2,JKU2_chip_top_0_8,mcu9t5v0,nand4_4,False,1
JKU2,JKU2_chip_top_0_8,mcu9t5v0,nor2_1,False,631
JKU2,JKU2_chip_top_0_8,mcu9t5v0,nor2_2,False,12
JKU2,JKU2_chip_top_0_8,mcu9t5v0,nor2_4,False,5
JKU2,JKU2_chip_top_0_8,mcu9t5v0,nor3_1,False,87
JKU2,JKU2_chip_top_0_8,mcu9t5v0,nor3_2,False,2
JKU2,JKU2_chip_top_0_8,mcu9t5v0,nor3_4,False,4
JKU2,JKU2_chip_top_0_8,mcu9t5v0,nor4_1,False,45
JKU2,JKU2_chip_top_0_8,mcu9t5v0,nor4_2,False,4
JKU2,JKU2_chip_top_0_8,mcu9t5v0,nor4_4,False,2
JKU2,JKU2_chip_top_0_8,mcu9t5v0,oai211_1,False,101
JKU2,JKU2_chip_top_0_8,mcu9t5v0,oai211_2,False,3
JKU2,JKU2_chip_top_0_8,mcu9t5v0,oai21_1,False,334
JKU2,JKU2_chip_top_0_8,mcu9t5v0,oai21_2,False,8
JKU2,JKU2_chip_top_0_8,mcu9t5v0,oai21_4,False,5
JKU2,JKU2_chip_top_0_8,mcu9t5v0,oai221_1,False,74
JKU2,JKU2_chip_top_0_8,mcu9t5v0,oai221_2,False,4
JKU2,JKU2_chip_top_0_8,mcu9t5v0,oai222_1,False,3
JKU2,JKU2_chip_top_0_8,mcu9t5v0,oai22_1,False,71
JKU2,JKU2_chip_top_0_8,mcu9t5v0,oai22_2,False,3
JKU2,JKU2_chip_top_0_8,mcu9t5v0,oai31_1,False,110
JKU2,JKU2_chip_top_0_8,mcu9t5v0,oai31_2,False,9
JKU2,JKU2_chip_top_0_8,mcu9t5v0,oai31_4,False,10
JKU2,JKU2_chip_top_0_8,mcu9t5v0,oai32_1,False,13
JKU2,JKU2_chip_top_0_8,mcu9t5v0,oai32_2,False,1
JKU2,JKU2_chip_top_0_8,mcu9t5v0,oai32_4,False,4
JKU2,JKU2_chip_top_0_8,mcu9t5v0,oai33_1,False,2
JKU2,JKU2_chip_top_0_8,mcu9t5v0,or2_1,False,122
JKU2,JKU2_chip_top_0_8,mcu9t5v0,or2_2,False,3
JKU2,JKU2_chip_top_0_8,mcu9t5v0,or3_1,False,11
JKU2,JKU2_chip_top_0_8,mcu9t5v0,or3_2,False,4
JKU2,JKU2_chip_top_0_8,mcu9t5v0,or3_4,False,2
JKU2,JKU2_chip_top_0_8,mcu9t5v0,or4_1,False,7
JKU2,JKU2_chip_top_0_8,mcu9t5v0,or4_2,False,3
JKU2,JKU2_chip_top_0_8,mcu9t5v0,tieh,True,1
JKU2,JKU2_chip_top_0_8,mcu9t5v0,xnor2_1,False,286
JKU2,JKU2_chip_top_0_8,mcu9t5v0,xnor2_2,False,1
JKU2,JKU2_chip_top_0_8,mcu9t5v0,xnor3_1,False,131
JKU2,JKU2_chip_top_0_8,mcu9t5v0,xor2_1,False,124
JKU2,JKU2_chip_top_0_8,mcu9t5v0,xor2_2,False,2
JKU2,JKU2_chip_top_0_8,mcu9t5v0,xor3_1,False,2
BTAP,BTAP_chip_top_2_0,mcu9t5v0,and2_1,False,405
BTAP,BTAP_chip_top_2_0,mcu9t5v0,and2_2,False,31
BTAP,BTAP_chip_top_2_0,mcu9t5v0,and2_4,False,10
BTAP,BTAP_chip_top_2_0,mcu9t5v0,and3_1,False,72
BTAP,BTAP_chip_top_2_0,mcu9t5v0,and3_2,False,6
BTAP,BTAP_chip_top_2_0,mcu9t5v0,and3_4,False,1
BTAP,BTAP_chip_top_2_0,mcu9t5v0,and4_1,False,58
BTAP,BTAP_chip_top_2_0,mcu9t5v0,and4_2,False,8
BTAP,BTAP_chip_top_2_0,mcu9t5v0,and4_4,False,2
BTAP,BTAP_chip_top_2_0,mcu9t5v0,antenna,True,67
BTAP,BTAP_chip_top_2_0,mcu9t5v0,aoi211_1,False,325
BTAP,BTAP_chip_top_2_0,mcu9t5v0,aoi211_2,False,29
BTAP,BTAP_chip_top_2_0,mcu9t5v0,aoi211_4,False,11
BTAP,BTAP_chip_top_2_0,mcu9t5v0,aoi21_1,False,1969
BTAP,BTAP_chip_top_2_0,mcu9t5v0,aoi21_2,False,130
BTAP,BTAP_chip_top_2_0,mcu9t5v0,aoi21_4,False,53
BTAP,BTAP_chip_top_2_0,mcu9t5v0,aoi221_1,False,290
BTAP,BTAP_chip_top_2_0,mcu9t5v0,aoi221_2,False,122
BTAP,BTAP_chip_top_2_0,mcu9t5v0,aoi221_4,False,67
BTAP,BTAP_chip_top_2_0,mcu9t5v0,aoi22_1,False,496
BTAP,BTAP_chip_top_2_0,mcu9t5v0,aoi22_2,False,28
BTAP,BTAP_chip_top_2_0,mcu9t5v0,aoi22_4,False,15
BTAP,BTAP_chip_top_2_0,mcu9t5v0,buf_1,False,1202
BTAP,BTAP_chip_top_2_0,mcu9t5v0,buf_12,False,39
BTAP,BTAP_chip_top_2_0,mcu9t5v0,buf_16,False,5
BTAP,BTAP_chip_top_2_0,mcu9t5v0,buf_2,False,4001
BTAP,BTAP_chip_top_2_0,mcu9t5v0,buf_20,False,1
BTAP,BTAP_chip_top_2_0,mcu9t5v0,buf_3,False,164
BTAP,BTAP_chip_top_2_0,mcu9t5v0,buf_4,False,492
BTAP,BTAP_chip_top_2_0,mcu9t5v0,buf_8,False,175
BTAP,BTAP_chip_top_2_0,mcu9t5v0,clkbuf_1,False,930
BTAP,BTAP_chip_top_2_0,mcu9t5v0,clkbuf_12,False,55
BTAP,BTAP_chip_top_2_0,mcu9t5v0,clkbuf_16,False,25
BTAP,BTAP_chip_top_2_0,mcu9t5v0,clkbuf_2,False,1746
BTAP,BTAP_chip_top_2_0,mcu9t5v0,clkbuf_20,False,6
BTAP,BTAP_chip_top_2_0,mcu9t5v0,clkbuf_3,False,264
BTAP,BTAP_chip_top_2_0,mcu9t5v0,clkbuf_4,False,2036
BTAP,BTAP_chip_top_2_0,mcu9t5v0,clkbuf_8,False,570
BTAP,BTAP_chip_top_2_0,mcu9t5v0,clkinv_1,False,2005
BTAP,BTAP_chip_top_2_0,mcu9t5v0,clkinv_12,False,8
BTAP,BTAP_chip_top_2_0,mcu9t5v0,clkinv_2,False,139
BTAP,BTAP_chip_top_2_0,mcu9t5v0,clkinv_3,False,8
BTAP,BTAP_chip_top_2_0,mcu9t5v0,clkinv_4,False,8
BTAP,BTAP_chip_top_2_0,mcu9t5v0,clkinv_8,False,32
BTAP,BTAP_chip_top_2_0,mcu9t5v0,dffq_1,False,1638
BTAP,BTAP_chip_top_2_0,mcu9t5v0,dffq_2,False,84
BTAP,BTAP_chip_top_2_0,mcu9t5v0,dffq_4,False,29
BTAP,BTAP_chip_top_2_0,mcu9t5v0,dlya_1,False,184
BTAP,BTAP_chip_top_2_0,mcu9t5v0,dlya_4,False,28
BTAP,BTAP_chip_top_2_0,mcu9t5v0,dlyb_1,False,1425
BTAP,BTAP_chip_top_2_0,mcu9t5v0,dlyb_2,False,1
BTAP,BTAP_chip_top_2_0,mcu9t5v0,dlyc_1,False,1340
BTAP,BTAP_chip_top_2_0,mcu9t5v0,dlyd_1,False,231
BTAP,BTAP_chip_top_2_0,mcu9t5v0,endcap,True,6476
BTAP,BTAP_chip_top_2_0,mcu9t5v0,fill_1,True,18857
BTAP,BTAP_chip_top_2_0,mcu9t5v0,fill_2,True,17111
BTAP,BTAP_chip_top_2_0,mcu9t5v0,fillcap_16,True,7797
BTAP,BTAP_chip_top_2_0,mcu9t5v0,fillcap_32,True,7594
BTAP,BTAP_chip_top_2_0,mcu9t5v0,fillcap_4,True,33213
BTAP,BTAP_chip_top_2_0,mcu9t5v0,fillcap_64,True,19075
BTAP,BTAP_chip_top_2_0,mcu9t5v0,fillcap_8,True,11264
BTAP,BTAP_chip_top_2_0,mcu9t5v0,filltie,True,34730
BTAP,BTAP_chip_top_2_0,mcu9t5v0,inv_1,False,1021
BTAP,BTAP_chip_top_2_0,mcu9t5v0,inv_12,False,4
BTAP,BTAP_chip_top_2_0,mcu9t5v0,inv_16,False,3
BTAP,BTAP_chip_top_2_0,mcu9t5v0,inv_2,False,198
BTAP,BTAP_chip_top_2_0,mcu9t5v0,inv_20,False,4
BTAP,BTAP_chip_top_2_0,mcu9t5v0,inv_3,False,98
BTAP,BTAP_chip_top_2_0,mcu9t5v0,inv_4,False,94
BTAP,BTAP_chip_top_2_0,mcu9t5v0,inv_8,False,13
BTAP,BTAP_chip_top_2_0,mcu9t5v0,mux2_1,False,226
BTAP,BTAP_chip_top_2_0,mcu9t5v0,mux2_2,False,9
BTAP,BTAP_chip_top_2_0,mcu9t5v0,nand2_1,False,8783
BTAP,BTAP_chip_top_2_0,mcu9t5v0,nand2_2,False,608
BTAP,BTAP_chip_top_2_0,mcu9t5v0,nand2_4,False,296
BTAP,BTAP_chip_top_2_0,mcu9t5v0,nand3_1,False,1856
BTAP,BTAP_chip_top_2_0,mcu9t5v0,nand3_2,False,318
BTAP,BTAP_chip_top_2_0,mcu9t5v0,nand3_4,False,159
BTAP,BTAP_chip_top_2_0,mcu9t5v0,nand4_1,False,362
BTAP,BTAP_chip_top_2_0,mcu9t5v0,nand4_2,False,57
BTAP,BTAP_chip_top_2_0,mcu9t5v0,nand4_4,False,60
BTAP,BTAP_chip_top_2_0,mcu9t5v0,nor2_1,False,1997
BTAP,BTAP_chip_top_2_0,mcu9t5v0,nor2_2,False,269
BTAP,BTAP_chip_top_2_0,mcu9t5v0,nor2_4,False,158
BTAP,BTAP_chip_top_2_0,mcu9t5v0,nor3_1,False,173
BTAP,BTAP_chip_top_2_0,mcu9t5v0,nor3_2,False,45
BTAP,BTAP_chip_top_2_0,mcu9t5v0,nor3_4,False,41
BTAP,BTAP_chip_top_2_0,mcu9t5v0,nor4_1,False,91
BTAP,BTAP_chip_top_2_0,mcu9t5v0,nor4_2,False,20
BTAP,BTAP_chip_top_2_0,mcu9t5v0,nor4_4,False,35
BTAP,BTAP_chip_top_2_0,mcu9t5v0,oai211_1,False,555
BTAP,BTAP_chip_top_2_0,mcu9t5v0,oai211_2,False,26
BTAP,BTAP_chip_top_2_0,mcu9t5v0,oai211_4,False,9
BTAP,BTAP_chip_top_2_0,mcu9t5v0,oai21_1,False,1267
BTAP,BTAP_chip_top_2_0,mcu9t5v0,oai21_2,False,110
BTAP,BTAP_chip_top_2_0,mcu9t5v0,oai21_4,False,76
BTAP,BTAP_chip_top_2_0,mcu9t5v0,oai221_1,False,102
BTAP,BTAP_chip_top_2_0,mcu9t5v0,oai221_2,False,23
BTAP,BTAP_chip_top_2_0,mcu9t5v0,oai221_4,False,17
BTAP,BTAP_chip_top_2_0,mcu9t5v0,oai22_1,False,205
BTAP,BTAP_chip_top_2_0,mcu9t5v0,oai22_2,False,36
BTAP,BTAP_chip_top_2_0,mcu9t5v0,oai22_4,False,122
BTAP,BTAP_chip_top_2_0,mcu9t5v0,oai31_1,False,71
BTAP,BTAP_chip_top_2_0,mcu9t5v0,oai31_2,False,25
BTAP,BTAP_chip_top_2_0,mcu9t5v0,oai31_4,False,24
BTAP,BTAP_chip_top_2_0,mcu9t5v0,oai32_1,False,28
BTAP,BTAP_chip_top_2_0,mcu9t5v0,oai32_2,False,4
BTAP,BTAP_chip_top_2_0,mcu9t5v0,oai32_4,False,4
BTAP,BTAP_chip_top_2_0,mcu9t5v0,or2_1,False,404
BTAP,BTAP_chip_top_2_0,mcu9t5v0,or2_2,False,47
BTAP,BTAP_chip_top_2_0,mcu9t5v0,or2_4,False,4
BTAP,BTAP_chip_top_2_0,mcu9t5v0,or3_1,False,9
BTAP,BTAP_chip_top_2_0,mcu9t5v0,or4_1,False,10
BTAP,BTAP_chip_top_2_0,mcu9t5v0,or4_2,False,1
BTAP,BTAP_chip_top_2_0,mcu9t5v0,or4_4,False,1
BTAP,BTAP_chip_top_2_0,mcu9t5v0,tieh,True,34
BTAP,BTAP_chip_top_2_0,mcu9t5v0,tiel,True,265
BTAP,BTAP_chip_top_2_0,mcu9t5v0,xnor2_1,False,6
BTAP,BTAP_chip_top_2_0,mcu9t5v0,xnor2_4,False,1
BTAP,BTAP_chip_top_2_0,mcu9t5v0,xnor3_1,False,4
BTAP,BTAP_chip_top_2_0,mcu9t5v0,xnor3_2,False,1
BTAP,BTAP_chip_top_2_0,mcu9t5v0,xor2_1,False,16
BTAP,BTAP_chip_top_2_0,mcu9t5v0,xor2_2,False,2
BTAP,BTAP_chip_top_2_0,mcu9t5v0,xor2_4,False,1
BTAP,BTAP_chip_top_2_0,mcu9t5v0,xor3_1,False,17
RZ80,RZ80_chip_top_2_2,mcu9t5v0,and2_1,False,63
RZ80,RZ80_chip_top_2_2,mcu9t5v0,and3_1,False,25
RZ80,RZ80_chip_top_2_2,mcu9t5v0,and3_2,False,1
RZ80,RZ80_chip_top_2_2,mcu9t5v0,and4_1,False,12
RZ80,RZ80_chip_top_2_2,mcu9t5v0,antenna,True,31
RZ80,RZ80_chip_top_2_2,mcu9t5v0,aoi211_1,False,87
RZ80,RZ80_chip_top_2_2,mcu9t5v0,aoi211_2,False,3
RZ80,RZ80_chip_top_2_2,mcu9t5v0,aoi211_4,False,2
RZ80,RZ80_chip_top_2_2,mcu9t5v0,aoi21_1,False,259
RZ80,RZ80_chip_top_2_2,mcu9t5v0,aoi21_2,False,2
RZ80,RZ80_chip_top_2_2,mcu9t5v0,aoi21_4,False,1
RZ80,RZ80_chip_top_2_2,mcu9t5v0,aoi221_1,False,102
RZ80,RZ80_chip_top_2_2,mcu9t5v0,aoi221_2,False,1
RZ80,RZ80_chip_top_2_2,mcu9t5v0,aoi221_4,False,1
RZ80,RZ80_chip_top_2_2,mcu9t5v0,aoi222_1,False,32
RZ80,RZ80_chip_top_2_2,mcu9t5v0,aoi22_1,False,140
RZ80,RZ80_chip_top_2_2,mcu9t5v0,aoi22_2,False,1
RZ80,RZ80_chip_top_2_2,mcu9t5v0,aoi22_4,False,1
RZ80,RZ80_chip_top_2_2,mcu9t5v0,buf_1,False,76
RZ80,RZ80_chip_top_2_2,mcu9t5v0,buf_12,False,4
RZ80,RZ80_chip_top_2_2,mcu9t5v0,buf_2,False,91
RZ80,RZ80_chip_top_2_2,mcu9t5v0,buf_3,False,18
RZ80,RZ80_chip_top_2_2,mcu9t5v0,buf_4,False,108
RZ80,RZ80_chip_top_2_2,mcu9t5v0,buf_8,False,20
RZ80,RZ80_chip_top_2_2,mcu9t5v0,clkbuf_1,False,12
RZ80,RZ80_chip_top_2_2,mcu9t5v0,clkbuf_12,False,17
RZ80,RZ80_chip_top_2_2,mcu9t5v0,clkbuf_16,False,12
RZ80,RZ80_chip_top_2_2,mcu9t5v0,clkbuf_2,False,87
RZ80,RZ80_chip_top_2_2,mcu9t5v0,clkbuf_20,False,6
RZ80,RZ80_chip_top_2_2,mcu9t5v0,clkbuf_3,False,23
RZ80,RZ80_chip_top_2_2,mcu9t5v0,clkbuf_4,False,68
RZ80,RZ80_chip_top_2_2,mcu9t5v0,clkbuf_8,False,123
RZ80,RZ80_chip_top_2_2,mcu9t5v0,clkinv_1,False,171
RZ80,RZ80_chip_top_2_2,mcu9t5v0,clkinv_12,False,1
RZ80,RZ80_chip_top_2_2,mcu9t5v0,clkinv_4,False,2
RZ80,RZ80_chip_top_2_2,mcu9t5v0,clkinv_8,False,1
RZ80,RZ80_chip_top_2_2,mcu9t5v0,dffnsnq_1,False,2
RZ80,RZ80_chip_top_2_2,mcu9t5v0,dffnsnq_2,False,1
RZ80,RZ80_chip_top_2_2,mcu9t5v0,dffq_1,False,170
RZ80,RZ80_chip_top_2_2,mcu9t5v0,dffrnq_1,False,134
RZ80,RZ80_chip_top_2_2,mcu9t5v0,dffrnq_2,False,17
RZ80,RZ80_chip_top_2_2,mcu9t5v0,dffsnq_1,False,53
RZ80,RZ80_chip_top_2_2,mcu9t5v0,dffsnq_2,False,4
RZ80,RZ80_chip_top_2_2,mcu9t5v0,dlya_1,False,39
RZ80,RZ80_chip_top_2_2,mcu9t5v0,dlyc_1,False,257
RZ80,RZ80_chip_top_2_2,mcu9t5v0,dlyd_1,False,288
RZ80,RZ80_chip_top_2_2,mcu9t5v0,endcap,True,1680
RZ80,RZ80_chip_top_2_2,mcu9t5v0,fill_1,True,3802
RZ80,RZ80_chip_top_2_2,mcu9t5v0,fill_2,True,2979
RZ80,RZ80_chip_top_2_2,mcu9t5v0,fillcap_16,True,2621
RZ80,RZ80_chip_top_2_2,mcu9t5v0,fillcap_32,True,2318
RZ80,RZ80_chip_top_2_2,mcu9t5v0,fillcap_4,True,65049
RZ80,RZ80_chip_top_2_2,mcu9t5v0,fillcap_64,True,61902
RZ80,RZ80_chip_top_2_2,mcu9t5v0,fillcap_8,True,2791
RZ80,RZ80_chip_top_2_2,mcu9t5v0,filltie,True,65263
RZ80,RZ80_chip_top_2_2,mcu9t5v0,inv_1,False,7
RZ80,RZ80_chip_top_2_2,mcu9t5v0,inv_2,False,9
RZ80,RZ80_chip_top_2_2,mcu9t5v0,inv_3,False,9
RZ80,RZ80_chip_top_2_2,mcu9t5v0,inv_4,False,6
RZ80,RZ80_chip_top_2_2,mcu9t5v0,inv_8,False,2
RZ80,RZ80_chip_top_2_2,mcu9t5v0,mux2_1,False,309
RZ80,RZ80_chip_top_2_2,mcu9t5v0,mux4_1,False,38
RZ80,RZ80_chip_top_2_2,mcu9t5v0,nand2_1,False,699
RZ80,RZ80_chip_top_2_2,mcu9t5v0,nand2_2,False,10
RZ80,RZ80_chip_top_2_2,mcu9t5v0,nand2_4,False,4
RZ80,RZ80_chip_top_2_2,mcu9t5v0,nand3_1,False,164
RZ80,RZ80_chip_top_2_2,mcu9t5v0,nand3_2,False,7
RZ80,RZ80_chip_top_2_2,mcu9t5v0,nand3_4,False,1
RZ80,RZ80_chip_top_2_2,mcu9t5v0,nand4_1,False,66
RZ80,RZ80_chip_top_2_2,mcu9t5v0,nand4_4,False,2
RZ80,RZ80_chip_top_2_2,mcu9t5v0,nor2_1,False,347
RZ80,RZ80_chip_top_2_2,mcu9t5v0,nor2_2,False,16
RZ80,RZ80_chip_top_2_2,mcu9t5v0,nor2_4,False,8
RZ80,RZ80_chip_top_2_2,mcu9t5v0,nor3_1,False,87
RZ80,RZ80_chip_top_2_2,mcu9t5v0,nor3_2,False,7
RZ80,RZ80_chip_top_2_2,mcu9t5v0,nor3_4,False,1
RZ80,RZ80_chip_top_2_2,mcu9t5v0,nor4_1,False,59
RZ80,RZ80_chip_top_2_2,mcu9t5v0,nor4_2,False,6
RZ80,RZ80_chip_top_2_2,mcu9t5v0,oai211_1,False,144
RZ80,RZ80_chip_top_2_2,mcu9t5v0,oai211_2,False,1
RZ80,RZ80_chip_top_2_2,mcu9t5v0,oai21_1,False,236
RZ80,RZ80_chip_top_2_2,mcu9t5v0,oai21_2,False,7
RZ80,RZ80_chip_top_2_2,mcu9t5v0,oai221_1,False,35
RZ80,RZ80_chip_top_2_2,mcu9t5v0,oai221_2,False,1
RZ80,RZ80_chip_top_2_2,mcu9t5v0,oai222_1,False,9
RZ80,RZ80_chip_top_2_2,mcu9t5v0,oai22_1,False,63
RZ80,RZ80_chip_top_2_2,mcu9t5v0,oai22_2,False,1
RZ80,RZ80_chip_top_2_2,mcu9t5v0,oai31_1,False,93
RZ80,RZ80_chip_top_2_2,mcu9t5v0,oai31_2,False,3
RZ80,RZ80_chip_top_2_2,mcu9t5v0,oai31_4,False,1
RZ80,RZ80_chip_top_2_2,mcu9t5v0,oai32_1,False,7
RZ80,RZ80_chip_top_2_2,mcu9t5v0,oai33_1,False,4
RZ80,RZ80_chip_top_2_2,mcu9t5v0,or2_1,False,38
RZ80,RZ80_chip_top_2_2,mcu9t5v0,or2_2,False,2
RZ80,RZ80_chip_top_2_2,mcu9t5v0,or3_1,False,12
RZ80,RZ80_chip_top_2_2,mcu9t5v0,or4_1,False,8
RZ80,RZ80_chip_top_2_2,mcu9t5v0,or4_2,False,1
RZ80,RZ80_chip_top_2_2,mcu9t5v0,tieh,True,22
RZ80,RZ80_chip_top_2_2,mcu9t5v0,tiel,True,162
RZ80,RZ80_chip_top_2_2,mcu9t5v0,xnor2_1,False,83
RZ80,RZ80_chip_top_2_2,mcu9t5v0,xnor3_1,False,16
RZ80,RZ80_chip_top_2_2,mcu9t5v0,xor2_1,False,38
RZ80,RZ80_chip_top_2_2,mcu9t5v0,xor3_1,False,4
TZ01,TZ01_chip_top_2_4,mcu7t5v0,and2_1,False,536
TZ01,TZ01_chip_top_2_4,mcu7t5v0,and2_2,False,33
TZ01,TZ01_chip_top_2_4,mcu7t5v0,and2_4,False,30
TZ01,TZ01_chip_top_2_4,mcu7t5v0,and3_1,False,128
TZ01,TZ01_chip_top_2_4,mcu7t5v0,and3_2,False,11
TZ01,TZ01_chip_top_2_4,mcu7t5v0,and3_4,False,3
TZ01,TZ01_chip_top_2_4,mcu7t5v0,and4_1,False,90
TZ01,TZ01_chip_top_2_4,mcu7t5v0,and4_2,False,3
TZ01,TZ01_chip_top_2_4,mcu7t5v0,and4_4,False,7
TZ01,TZ01_chip_top_2_4,mcu7t5v0,antenna,True,12035
TZ01,TZ01_chip_top_2_4,mcu7t5v0,aoi211_1,False,467
TZ01,TZ01_chip_top_2_4,mcu7t5v0,aoi211_2,False,4
TZ01,TZ01_chip_top_2_4,mcu7t5v0,aoi211_4,False,8
TZ01,TZ01_chip_top_2_4,mcu7t5v0,aoi21_1,False,3218
TZ01,TZ01_chip_top_2_4,mcu7t5v0,aoi21_2,False,36
TZ01,TZ01_chip_top_2_4,mcu7t5v0,aoi21_4,False,28
TZ01,TZ01_chip_top_2_4,mcu7t5v0,aoi221_1,False,565
TZ01,TZ01_chip_top_2_4,mcu7t5v0,aoi221_2,False,11
TZ01,TZ01_chip_top_2_4,mcu7t5v0,aoi221_4,False,30
TZ01,TZ01_chip_top_2_4,mcu7t5v0,aoi222_1,False,395
TZ01,TZ01_chip_top_2_4,mcu7t5v0,aoi222_2,False,42
TZ01,TZ01_chip_top_2_4,mcu7t5v0,aoi222_4,False,10
TZ01,TZ01_chip_top_2_4,mcu7t5v0,aoi22_1,False,1985
TZ01,TZ01_chip_top_2_4,mcu7t5v0,aoi22_2,False,49
TZ01,TZ01_chip_top_2_4,mcu7t5v0,aoi22_4,False,24
TZ01,TZ01_chip_top_2_4,mcu7t5v0,buf_1,False,129
TZ01,TZ01_chip_top_2_4,mcu7t5v0,buf_12,False,82
TZ01,TZ01_chip_top_2_4,mcu7t5v0,buf_16,False,40
TZ01,TZ01_chip_top_2_4,mcu7t5v0,buf_2,False,7472
TZ01,TZ01_chip_top_2_4,mcu7t5v0,buf_20,False,41
TZ01,TZ01_chip_top_2_4,mcu7t5v0,buf_3,False,246
TZ01,TZ01_chip_top_2_4,mcu7t5v0,buf_4,False,1134
TZ01,TZ01_chip_top_2_4,mcu7t5v0,buf_8,False,1104
TZ01,TZ01_chip_top_2_4,mcu7t5v0,clkbuf_1,False,2331
TZ01,TZ01_chip_top_2_4,mcu7t5v0,clkbuf_16,False,519
TZ01,TZ01_chip_top_2_4,mcu7t5v0,clkbuf_2,False,247
TZ01,TZ01_chip_top_2_4,mcu7t5v0,clkbuf_20,False,6
TZ01,TZ01_chip_top_2_4,mcu7t5v0,clkbuf_3,False,194
TZ01,TZ01_chip_top_2_4,mcu7t5v0,clkbuf_4,False,122
TZ01,TZ01_chip_top_2_4,mcu7t5v0,clkbuf_8,False,1390
TZ01,TZ01_chip_top_2_4,mcu7t5v0,clkinv_1,False,2607
TZ01,TZ01_chip_top_2_4,mcu7t5v0,clkinv_12,False,9
TZ01,TZ01_chip_top_2_4,mcu7t5v0,clkinv_16,False,3
TZ01,TZ01_chip_top_2_4,mcu7t5v0,clkinv_2,False,128
TZ01,TZ01_chip_top_2_4,mcu7t5v0,clkinv_20,False,3
TZ01,TZ01_chip_top_2_4,mcu7t5v0,clkinv_3,False,27
TZ01,TZ01_chip_top_2_4,mcu7t5v0,clkinv_4,False,19
TZ01,TZ01_chip_top_2_4,mcu7t5v0,clkinv_8,False,33
TZ01,TZ01_chip_top_2_4,mcu7t5v0,dffnrnq_1,False,28
TZ01,TZ01_chip_top_2_4,mcu7t5v0,dffnsnq_1,False,10
TZ01,TZ01_chip_top_2_4,mcu7t5v0,dffq_1,False,4796
TZ01,TZ01_chip_top_2_4,mcu7t5v0,dffq_2,False,157
TZ01,TZ01_chip_top_2_4,mcu7t5v0,dffq_4,False,62
TZ01,TZ01_chip_top_2_4,mcu7t5v0,dffrnq_1,False,2495
TZ01,TZ01_chip_top_2_4,mcu7t5v0,dffrnq_2,False,49
TZ01,TZ01_chip_top_2_4,mcu7t5v0,dffrnq_4,False,27
TZ01,TZ01_chip_top_2_4,mcu7t5v0,dffsnq_1,False,881
TZ01,TZ01_chip_top_2_4,mcu7t5v0,dffsnq_2,False,7
TZ01,TZ01_chip_top_2_4,mcu7t5v0,dffsnq_4,False,2
TZ01,TZ01_chip_top_2_4,mcu7t5v0,dlyb_1,False,789
TZ01,TZ01_chip_top_2_4,mcu7t5v0,dlyc_2,False,902
TZ01,TZ01_chip_top_2_4,mcu7t5v0,dlyd_4,False,25
TZ01,TZ01_chip_top_2_4,mcu7t5v0,endcap,True,20186
TZ01,TZ01_chip_top_2_4,mcu7t5v0,fill_1,True,28011
TZ01,TZ01_chip_top_2_4,mcu7t5v0,fill_2,True,22660
TZ01,TZ01_chip_top_2_4,mcu7t5v0,fillcap_16,True,7604
TZ01,TZ01_chip_top_2_4,mcu7t5v0,fillcap_32,True,9712
TZ01,TZ01_chip_top_2_4,mcu7t5v0,fillcap_4,True,45774
TZ01,TZ01_chip_top_2_4,mcu7t5v0,fillcap_64,True,22008
TZ01,TZ01_chip_top_2_4,mcu7t5v0,fillcap_8,True,14454
TZ01,TZ01_chip_top_2_4,mcu7t5v0,filltie,True,45600
TZ01,TZ01_chip_top_2_4,mcu7t5v0,hold,False,26
TZ01,TZ01_chip_top_2_4,mcu7t5v0,inv_1,False,127
TZ01,TZ01_chip_top_2_4,mcu7t5v0,inv_12,False,7
TZ01,TZ01_chip_top_2_4,mcu7t5v0,inv_2,False,131
TZ01,TZ01_chip_top_2_4,mcu7t5v0,inv_20,False,2
TZ01,TZ01_chip_top_2_4,mcu7t5v0,inv_3,False,58
TZ01,TZ01_chip_top_2_4,mcu7t5v0,inv_4,False,68
TZ01,TZ01_chip_top_2_4,mcu7t5v0,inv_8,False,1
TZ01,TZ01_chip_top_2_4,mcu7t5v0,invz_1,False,1
TZ01,TZ01_chip_top_2_4,mcu7t5v0,invz_2,False,26
TZ01,TZ01_chip_top_2_4,mcu7t5v0,invz_4,False,13
TZ01,TZ01_chip_top_2_4,mcu7t5v0,invz_8,False,13
TZ01,TZ01_chip_top_2_4,mcu7t5v0,latrnq_1,False,26
TZ01,TZ01_chip_top_2_4,mcu7t5v0,mux2_2,False,2141
TZ01,TZ01_chip_top_2_4,mcu7t5v0,mux2_4,False,609
TZ01,TZ01_chip_top_2_4,mcu7t5v0,mux4_1,False,217
TZ01,TZ01_chip_top_2_4,mcu7t5v0,mux4_2,False,2
TZ01,TZ01_chip_top_2_4,mcu7t5v0,nand2_1,False,6591
TZ01,TZ01_chip_top_2_4,mcu7t5v0,nand2_2,False,166
TZ01,TZ01_chip_top_2_4,mcu7t5v0,nand2_4,False,159
TZ01,TZ01_chip_top_2_4,mcu7t5v0,nand3_1,False,709
TZ01,TZ01_chip_top_2_4,mcu7t5v0,nand3_2,False,44
TZ01,TZ01_chip_top_2_4,mcu7t5v0,nand3_4,False,18
TZ01,TZ01_chip_top_2_4,mcu7t5v0,nand4_1,False,300
TZ01,TZ01_chip_top_2_4,mcu7t5v0,nand4_2,False,9
TZ01,TZ01_chip_top_2_4,mcu7t5v0,nand4_4,False,13
TZ01,TZ01_chip_top_2_4,mcu7t5v0,nor2_1,False,3070
TZ01,TZ01_chip_top_2_4,mcu7t5v0,nor2_2,False,90
TZ01,TZ01_chip_top_2_4,mcu7t5v0,nor2_4,False,112
TZ01,TZ01_chip_top_2_4,mcu7t5v0,nor3_1,False,337
TZ01,TZ01_chip_top_2_4,mcu7t5v0,nor3_2,False,34
TZ01,TZ01_chip_top_2_4,mcu7t5v0,nor3_4,False,36
TZ01,TZ01_chip_top_2_4,mcu7t5v0,nor4_1,False,123
TZ01,TZ01_chip_top_2_4,mcu7t5v0,nor4_2,False,13
TZ01,TZ01_chip_top_2_4,mcu7t5v0,nor4_4,False,41
TZ01,TZ01_chip_top_2_4,mcu7t5v0,oai211_1,False,771
TZ01,TZ01_chip_top_2_4,mcu7t5v0,oai211_2,False,2
TZ01,TZ01_chip_top_2_4,mcu7t5v0,oai211_4,False,6
TZ01,TZ01_chip_top_2_4,mcu7t5v0,oai21_1,False,4150
TZ01,TZ01_chip_top_2_4,mcu7t5v0,oai21_2,False,19
TZ01,TZ01_chip_top_2_4,mcu7t5v0,oai21_4,False,80
TZ01,TZ01_chip_top_2_4,mcu7t5v0,oai221_1,False,93
TZ01,TZ01_chip_top_2_4,mcu7t5v0,oai221_2,False,12
TZ01,TZ01_chip_top_2_4,mcu7t5v0,oai221_4,False,3
TZ01,TZ01_chip_top_2_4,mcu7t5v0,oai222_1,False,11
TZ01,TZ01_chip_top_2_4,mcu7t5v0,oai222_2,False,1
TZ01,TZ01_chip_top_2_4,mcu7t5v0,oai22_1,False,298
TZ01,TZ01_chip_top_2_4,mcu7t5v0,oai22_2,False,23
TZ01,TZ01_chip_top_2_4,mcu7t5v0,oai22_4,False,22
TZ01,TZ01_chip_top_2_4,mcu7t5v0,oai31_1,False,140
TZ01,TZ01_chip_top_2_4,mcu7t5v0,oai31_2,False,10
TZ01,TZ01_chip_top_2_4,mcu7t5v0,oai31_4,False,4
TZ01,TZ01_chip_top_2_4,mcu7t5v0,oai32_1,False,69
TZ01,TZ01_chip_top_2_4,mcu7t5v0,oai32_2,False,9
TZ01,TZ01_chip_top_2_4,mcu7t5v0,oai32_4,False,13
TZ01,TZ01_chip_top_2_4,mcu7t5v0,or2_1,False,321
TZ01,TZ01_chip_top_2_4,mcu7t5v0,or2_2,False,16
TZ01,TZ01_chip_top_2_4,mcu7t5v0,or2_4,False,8
TZ01,TZ01_chip_top_2_4,mcu7t5v0,or3_1,False,72
TZ01,TZ01_chip_top_2_4,mcu7t5v0,or3_2,False,2
TZ01,TZ01_chip_top_2_4,mcu7t5v0,or3_4,False,3
TZ01,TZ01_chip_top_2_4,mcu7t5v0,or4_1,False,48
TZ01,TZ01_chip_top_2_4,mcu7t5v0,or4_2,False,3
TZ01,TZ01_chip_top_2_4,mcu7t5v0,or4_4,False,1
TZ01,TZ01_chip_top_2_4,mcu7t5v0,tieh,True,53
TZ01,TZ01_chip_top_2_4,mcu7t5v0,tiel,True,263
TZ01,TZ01_chip_top_2_4,mcu7t5v0,xnor2_1,False,110
TZ01,TZ01_chip_top_2_4,mcu7t5v0,xnor2_2,False,1
TZ01,TZ01_chip_top_2_4,mcu7t5v0,xnor3_1,False,12
TZ01,TZ01_chip_top_2_4,mcu7t5v0,xor2_1,False,469
TZ01,TZ01_chip_top_2_4,mcu7t5v0,xor2_2,False,3
TZ01,TZ01_chip_top_2_4,mcu7t5v0,xor2_4,False,2
TZ01,TZ01_chip_top_2_4,mcu7t5v0,xor3_1,False,48
TZ01,TZ01_chip_top_2_4,mcu7t5v0,xor3_2,False,1
2975,2975_chip_top_2_6,mcu7t5v0,and2_1,False,10259
2975,2975_chip_top_2_6,mcu7t5v0,and2_2,False,1
2975,2975_chip_top_2_6,mcu7t5v0,and3_1,False,2094
2975,2975_chip_top_2_6,mcu7t5v0,and3_2,False,3
2975,2975_chip_top_2_6,mcu7t5v0,and4_1,False,354
2975,2975_chip_top_2_6,mcu7t5v0,and4_2,False,4
2975,2975_chip_top_2_6,mcu7t5v0,antenna,True,1233
2975,2975_chip_top_2_6,mcu7t5v0,aoi211_1,False,2219
2975,2975_chip_top_2_6,mcu7t5v0,aoi211_2,False,19
2975,2975_chip_top_2_6,mcu7t5v0,aoi211_4,False,3
2975,2975_chip_top_2_6,mcu7t5v0,aoi21_1,False,17686
2975,2975_chip_top_2_6,mcu7t5v0,aoi21_2,False,13
2975,2975_chip_top_2_6,mcu7t5v0,aoi21_4,False,1
2975,2975_chip_top_2_6,mcu7t5v0,aoi221_1,False,440
2975,2975_chip_top_2_6,mcu7t5v0,aoi221_2,False,6
2975,2975_chip_top_2_6,mcu7t5v0,aoi221_4,False,1
2975,2975_chip_top_2_6,mcu7t5v0,aoi222_1,False,80
2975,2975_chip_top_2_6,mcu7t5v0,aoi22_1,False,2891
2975,2975_chip_top_2_6,mcu7t5v0,aoi22_2,False,3
2975,2975_chip_top_2_6,mcu7t5v0,buf_1,False,151
2975,2975_chip_top_2_6,mcu7t5v0,buf_12,False,322
2975,2975_chip_top_2_6,mcu7t5v0,buf_2,False,7279
2975,2975_chip_top_2_6,mcu7t5v0,buf_3,False,371
2975,2975_chip_top_2_6,mcu7t5v0,buf_4,False,1082
2975,2975_chip_top_2_6,mcu7t5v0,buf_8,False,967
2975,2975_chip_top_2_6,mcu7t5v0,clkbuf_1,False,1062
2975,2975_chip_top_2_6,mcu7t5v0,clkbuf_12,False,13
2975,2975_chip_top_2_6,mcu7t5v0,clkbuf_16,False,1
2975,2975_chip_top_2_6,mcu7t5v0,clkbuf_2,False,1467
2975,2975_chip_top_2_6,mcu7t5v0,clkbuf_3,False,247
2975,2975_chip_top_2_6,mcu7t5v0,clkbuf_4,False,210
2975,2975_chip_top_2_6,mcu7t5v0,clkbuf_8,False,1888
2975,2975_chip_top_2_6,mcu7t5v0,clkinv_1,False,18206
2975,2975_chip_top_2_6,mcu7t5v0,clkinv_12,False,19
2975,2975_chip_top_2_6,mcu7t5v0,clkinv_16,False,2
2975,2975_chip_top_2_6,mcu7t5v0,clkinv_2,False,23
2975,2975_chip_top_2_6,mcu7t5v0,clkinv_20,False,3
2975,2975_chip_top_2_6,mcu7t5v0,clkinv_3,False,3
2975,2975_chip_top_2_6,mcu7t5v0,clkinv_4,False,85
2975,2975_chip_top_2_6,mcu7t5v0,clkinv_8,False,74
2975,2975_chip_top_2_6,mcu7t5v0,dffq_1,False,11507
2975,2975_chip_top_2_6,mcu7t5v0,dffq_2,False,255
2975,2975_chip_top_2_6,mcu7t5v0,dffq_4,False,5
2975,2975_chip_top_2_6,mcu7t5v0,dffrnq_1,False,2078
2975,2975_chip_top_2_6,mcu7t5v0,dlya_1,False,42
2975,2975_chip_top_2_6,mcu7t5v0,dlyb_1,False,11880
2975,2975_chip_top_2_6,mcu7t5v0,dlyc_1,False,6591
2975,2975_chip_top_2_6,mcu7t5v0,endcap,True,9208
2975,2975_chip_top_2_6,mcu7t5v0,fill_1,True,107716
2975,2975_chip_top_2_6,mcu7t5v0,fill_2,True,98068
2975,2975_chip_top_2_6,mcu7t5v0,fillcap_16,True,17167
2975,2975_chip_top_2_6,mcu7t5v0,fillcap_32,True,5659
2975,2975_chip_top_2_6,mcu7t5v0,fillcap_4,True,85284
2975,2975_chip_top_2_6,mcu7t5v0,fillcap_64,True,12082
2975,2975_chip_top_2_6,mcu7t5v0,fillcap_8,True,43018
2975,2975_chip_top_2_6,mcu7t5v0,filltie,True,84042
2975,2975_chip_top_2_6,mcu7t5v0,inv_1,False,6158
2975,2975_chip_top_2_6,mcu7t5v0,inv_12,False,7
2975,2975_chip_top_2_6,mcu7t5v0,inv_2,False,163
2975,2975_chip_top_2_6,mcu7t5v0,inv_20,False,2
2975,2975_chip_top_2_6,mcu7t5v0,inv_3,False,122
2975,2975_chip_top_2_6,mcu7t5v0,inv_4,False,110
2975,2975_chip_top_2_6,mcu7t5v0,inv_8,False,5
2975,2975_chip_top_2_6,mcu7t5v0,mux2_1,False,6
2975,2975_chip_top_2_6,mcu7t5v0,mux2_2,False,2701
2975,2975_chip_top_2_6,mcu7t5v0,nand2_1,False,54830
2975,2975_chip_top_2_6,mcu7t5v0,nand2_2,False,30
2975,2975_chip_top_2_6,mcu7t5v0,nand2_4,False,3
2975,2975_chip_top_2_6,mcu7t5v0,nand3_1,False,5618
2975,2975_chip_top_2_6,mcu7t5v0,nand3_2,False,3
2975,2975_chip_top_2_6,mcu7t5v0,nand4_1,False,1196
2975,2975_chip_top_2_6,mcu7t5v0,nand4_2,False,8
2975,2975_chip_top_2_6,mcu7t5v0,nand4_4,False,1
2975,2975_chip_top_2_6,mcu7t5v0,nor2_1,False,28820
2975,2975_chip_top_2_6,mcu7t5v0,nor2_2,False,72
2975,2975_chip_top_2_6,mcu7t5v0,nor2_4,False,23
2975,2975_chip_top_2_6,mcu7t5v0,nor3_1,False,2757
2975,2975_chip_top_2_6,mcu7t5v0,nor3_2,False,11
2975,2975_chip_top_2_6,mcu7t5v0,nor4_1,False,836
2975,2975_chip_top_2_6,mcu7t5v0,nor4_2,False,24
2975,2975_chip_top_2_6,mcu7t5v0,nor4_4,False,10
2975,2975_chip_top_2_6,mcu7t5v0,oai211_1,False,1017
2975,2975_chip_top_2_6,mcu7t5v0,oai211_2,False,11
2975,2975_chip_top_2_6,mcu7t5v0,oai211_4,False,4
2975,2975_chip_top_2_6,mcu7t5v0,oai21_1,False,18654
2975,2975_chip_top_2_6,mcu7t5v0,oai21_2,False,37
2975,2975_chip_top_2_6,mcu7t5v0,oai21_4,False,14
2975,2975_chip_top_2_6,mcu7t5v0,oai221_1,False,217
2975,2975_chip_top_2_6,mcu7t5v0,oai221_2,False,1
2975,2975_chip_top_2_6,mcu7t5v0,oai222_1,False,19
2975,2975_chip_top_2_6,mcu7t5v0,oai22_1,False,1350
2975,2975_chip_top_2_6,mcu7t5v0,oai22_2,False,5
2975,2975_chip_top_2_6,mcu7t5v0,oai22_4,False,1
2975,2975_chip_top_2_6,mcu7t5v0,oai31_1,False,1401
2975,2975_chip_top_2_6,mcu7t5v0,oai31_2,False,28
2975,2975_chip_top_2_6,mcu7t5v0,oai31_4,False,7
2975,2975_chip_top_2_6,mcu7t5v0,oai32_1,False,1189
2975,2975_chip_top_2_6,mcu7t5v0,oai32_2,False,2
2975,2975_chip_top_2_6,mcu7t5v0,oai32_4,False,1
2975,2975_chip_top_2_6,mcu7t5v0,oai33_1,False,115
2975,2975_chip_top_2_6,mcu7t5v0,or2_1,False,6637
2975,2975_chip_top_2_6,mcu7t5v0,or2_2,False,3
2975,2975_chip_top_2_6,mcu7t5v0,or2_4,False,1
2975,2975_chip_top_2_6,mcu7t5v0,or3_1,False,1058
2975,2975_chip_top_2_6,mcu7t5v0,or3_2,False,2
2975,2975_chip_top_2_6,mcu7t5v0,or4_1,False,217
2975,2975_chip_top_2_6,mcu7t5v0,or4_2,False,1
2975,2975_chip_top_2_6,mcu7t5v0,tieh,True,22
2975,2975_chip_top_2_6,mcu7t5v0,tiel,True,78
2975,2975_chip_top_2_6,mcu7t5v0,xnor2_1,False,18783
2975,2975_chip_top_2_6,mcu7t5v0,xnor2_2,False,184
2975,2975_chip_top_2_6,mcu7t5v0,xnor2_4,False,1
2975,2975_chip_top_2_6,mcu7t5v0,xnor3_1,False,2044
2975,2975_chip_top_2_6,mcu7t5v0,xnor3_2,False,91
2975,2975_chip_top_2_6,mcu7t5v0,xnor3_4,False,13
2975,2975_chip_top_2_6,mcu7t5v0,xor2_1,False,51533
2975,2975_chip_top_2_6,mcu7t5v0,xor2_2,False,250
2975,2975_chip_top_2_6,mcu7t5v0,xor3_1,False,6012
2975,2975_chip_top_2_6,mcu7t5v0,xor3_2,False,99
2975,2975_chip_top_2_6,mcu7t5v0,xor3_4,False,12
OCD2,OCD2_gf180mcu_ocd_sram_top_2_8,mcu7t3v3,buff_12,False,104
OCD2,OCD2_gf180mcu_ocd_sram_top_2_8,mcu7t3v3,fillcap_4,True,108
OCD2,OCD2_gf180mcu_ocd_sram_top_2_8,mcu7t3v3,mux2_4,False,16
OCD2,OCD2_gf180mcu_ocd_sram_top_2_8,mcu7t3v3,tap_2,True,226
OCD2,OCD2_gf180mcu_ocd_sram_top_2_8,mcu7t3v3,tieh_4,True,52
OCD2,OCD2_gf180mcu_ocd_sram_top_2_8,mcu7t3v3,tiel_4,True,52
OCD2,OCD2_gf180mcu_ocd_sram_top_2_8,mcu7t5v0,antenna,True,1
OCD2,OCD2_gf180mcu_ocd_sram_top_2_8,mcu7t5v0,fill_2,True,1
OCD2,OCD2_gf180mcu_ocd_sram_top_2_8,mcu7t5v0,fillcap_8,True,1
OCD2,OCD2_gf180mcu_ocd_sram_top_2_8,mcu7t5v0,filltie,True,4
OCD2,OCD2_gf180mcu_ocd_sram_top_2_8,mcu7t5v0,inv_12,False,1
OCD2,OCD2_gf180mcu_ocd_sram_top_2_8,mcu7t5v0,inv_8,False,1
MOSB,MOSB_chip_top_4_0,mcu9t5v0,dffrnq_4,False,2
MOSB,MOSB_chip_top_4_0,mcu9t5v0,endcap,True,4
MOSB,MOSB_chip_top_4_0,mcu9t5v0,filltie,True,8130
MOSB,MOSB_chip_top_4_0,mcu9t5v0,inv_1,False,6546
MOSB,MOSB_chip_top_4_0,mcu9t5v0,inv_12,False,394
MOSB,MOSB_chip_top_4_0,mcu9t5v0,inv_20,False,400
MOSB,MOSB_chip_top_4_0,mcu9t5v0,inv_4,False,396
MOSB,MOSB_chip_top_4_0,mcu9t5v0,inv_8,False,397
MOSB,MOSB_chip_top_4_0,mcu9t5v0,latq_1,False,6500
MOSB,MOSB_chip_top_4_0,mcu9t5v0,nand2_1,False,3252
MOSB,MOSB_chip_top_4_0,mcu9t5v0,nand2_4,False,2
MOSB,MOSB_chip_top_4_2,mcu9t5v0,dffrnq_4,False,2
MOSB,MOSB_chip_top_4_2,mcu9t5v0,endcap,True,4
MOSB,MOSB_chip_top_4_2,mcu9t5v0,filltie,True,8130
MOSB,MOSB_chip_top_4_2,mcu9t5v0,inv_1,False,6546
MOSB,MOSB_chip_top_4_2,mcu9t5v0,inv_12,False,394
MOSB,MOSB_chip_top_4_2,mcu9t5v0,inv_20,False,400
MOSB,MOSB_chip_top_4_2,mcu9t5v0,inv_4,False,396
MOSB,MOSB_chip_top_4_2,mcu9t5v0,inv_8,False,397
MOSB,MOSB_chip_top_4_2,mcu9t5v0,latq_1,False,6500
MOSB,MOSB_chip_top_4_2,mcu9t5v0,nand2_1,False,3252
MOSB,MOSB_chip_top_4_2,mcu9t5v0,nand2_4,False,2
OCD2,OCD2_gf180mcu_ocd_sram_top_4_8,mcu7t3v3,buff_12,False,104
OCD2,OCD2_gf180mcu_ocd_sram_top_4_8,mcu7t3v3,fillcap_4,True,108
OCD2,OCD2_gf180mcu_ocd_sram_top_4_8,mcu7t3v3,mux2_4,False,16
OCD2,OCD2_gf180mcu_ocd_sram_top_4_8,mcu7t3v3,tap_2,True,226
OCD2,OCD2_gf180mcu_ocd_sram_top_4_8,mcu7t3v3,tieh_4,True,52
OCD2,OCD2_gf180mcu_ocd_sram_top_4_8,mcu7t3v3,tiel_4,True,52
OCD2,OCD2_gf180mcu_ocd_sram_top_4_8,mcu7t5v0,antenna,True,1
OCD2,OCD2_gf180mcu_ocd_sram_top_4_8,mcu7t5v0,fill_2,True,1
OCD2,OCD2_gf180mcu_ocd_sram_top_4_8,mcu7t5v0,fillcap_8,True,1
OCD2,OCD2_gf180mcu_ocd_sram_top_4_8,mcu7t5v0,filltie,True,4
OCD2,OCD2_gf180mcu_ocd_sram_top_4_8,mcu7t5v0,inv_12,False,1
OCD2,OCD2_gf180mcu_ocd_sram_top_4_8,mcu7t5v0,inv_8,False,1
AS03,AS03_chip_top_6_0,mcu7t5v0,addf_1,False,865
AS03,AS03_chip_top_6_0,mcu7t5v0,addf_2,False,1
AS03,AS03_chip_top_6_0,mcu7t5v0,addh_1,False,192
AS03,AS03_chip_top_6_0,mcu7t5v0,and2_1,False,1632
AS03,AS03_chip_top_6_0,mcu7t5v0,and2_2,False,693
AS03,AS03_chip_top_6_0,mcu7t5v0,and2_4,False,12
AS03,AS03_chip_top_6_0,mcu7t5v0,and3_1,False,336
AS03,AS03_chip_top_6_0,mcu7t5v0,and3_2,False,462
AS03,AS03_chip_top_6_0,mcu7t5v0,and3_4,False,10
AS03,AS03_chip_top_6_0,mcu7t5v0,and4_1,False,194
AS03,AS03_chip_top_6_0,mcu7t5v0,and4_2,False,245
AS03,AS03_chip_top_6_0,mcu7t5v0,and4_4,False,4
AS03,AS03_chip_top_6_0,mcu7t5v0,antenna,True,24606
AS03,AS03_chip_top_6_0,mcu7t5v0,aoi211_1,False,692
AS03,AS03_chip_top_6_0,mcu7t5v0,aoi211_2,False,376
AS03,AS03_chip_top_6_0,mcu7t5v0,aoi211_4,False,22
AS03,AS03_chip_top_6_0,mcu7t5v0,aoi21_1,False,3490
AS03,AS03_chip_top_6_0,mcu7t5v0,aoi21_2,False,756
AS03,AS03_chip_top_6_0,mcu7t5v0,aoi21_4,False,50
AS03,AS03_chip_top_6_0,mcu7t5v0,aoi221_1,False,721
AS03,AS03_chip_top_6_0,mcu7t5v0,aoi221_2,False,114
AS03,AS03_chip_top_6_0,mcu7t5v0,aoi221_4,False,29
AS03,AS03_chip_top_6_0,mcu7t5v0,aoi222_1,False,202
AS03,AS03_chip_top_6_0,mcu7t5v0,aoi222_2,False,30
AS03,AS03_chip_top_6_0,mcu7t5v0,aoi222_4,False,1
AS03,AS03_chip_top_6_0,mcu7t5v0,aoi22_1,False,4564
AS03,AS03_chip_top_6_0,mcu7t5v0,aoi22_2,False,237
AS03,AS03_chip_top_6_0,mcu7t5v0,aoi22_4,False,9
AS03,AS03_chip_top_6_0,mcu7t5v0,buf_1,False,2028
AS03,AS03_chip_top_6_0,mcu7t5v0,buf_12,False,329
AS03,AS03_chip_top_6_0,mcu7t5v0,buf_16,False,16
AS03,AS03_chip_top_6_0,mcu7t5v0,buf_2,False,2299
AS03,AS03_chip_top_6_0,mcu7t5v0,buf_20,False,52
AS03,AS03_chip_top_6_0,mcu7t5v0,buf_3,False,264
AS03,AS03_chip_top_6_0,mcu7t5v0,buf_4,False,908
AS03,AS03_chip_top_6_0,mcu7t5v0,buf_8,False,592
AS03,AS03_chip_top_6_0,mcu7t5v0,clkbuf_1,False,830
AS03,AS03_chip_top_6_0,mcu7t5v0,clkbuf_12,False,9
AS03,AS03_chip_top_6_0,mcu7t5v0,clkbuf_16,False,146
AS03,AS03_chip_top_6_0,mcu7t5v0,clkbuf_2,False,407
AS03,AS03_chip_top_6_0,mcu7t5v0,clkbuf_20,False,18
AS03,AS03_chip_top_6_0,mcu7t5v0,clkbuf_3,False,226
AS03,AS03_chip_top_6_0,mcu7t5v0,clkbuf_4,False,91
AS03,AS03_chip_top_6_0,mcu7t5v0,clkbuf_8,False,1038
AS03,AS03_chip_top_6_0,mcu7t5v0,clkinv_1,False,3525
AS03,AS03_chip_top_6_0,mcu7t5v0,clkinv_12,False,7
AS03,AS03_chip_top_6_0,mcu7t5v0,clkinv_16,False,2
AS03,AS03_chip_top_6_0,mcu7t5v0,clkinv_2,False,51
AS03,AS03_chip_top_6_0,mcu7t5v0,clkinv_4,False,72
AS03,AS03_chip_top_6_0,mcu7t5v0,clkinv_8,False,25
AS03,AS03_chip_top_6_0,mcu7t5v0,dffnq_1,False,159
AS03,AS03_chip_top_6_0,mcu7t5v0,dffnq_2,False,5
AS03,AS03_chip_top_6_0,mcu7t5v0,dffnq_4,False,5
AS03,AS03_chip_top_6_0,mcu7t5v0,dffq_1,False,3775
AS03,AS03_chip_top_6_0,mcu7t5v0,dffq_2,False,1
AS03,AS03_chip_top_6_0,mcu7t5v0,dfxtn_2,False,2436
AS03,AS03_chip_top_6_0,mcu7t5v0,dfxtp_2,False,1151
AS03,AS03_chip_top_6_0,mcu7t5v0,dlya_1,False,93
AS03,AS03_chip_top_6_0,mcu7t5v0,dlyb_1,False,4879
AS03,AS03_chip_top_6_0,mcu7t5v0,dlyb_2,False,79
AS03,AS03_chip_top_6_0,mcu7t5v0,dlyc_1,False,257
AS03,AS03_chip_top_6_0,mcu7t5v0,dlyd_2,False,1011
AS03,AS03_chip_top_6_0,mcu7t5v0,endcap,True,10788
AS03,AS03_chip_top_6_0,mcu7t5v0,fill_1,True,36707
AS03,AS03_chip_top_6_0,mcu7t5v0,fill_2,True,31367
AS03,AS03_chip_top_6_0,mcu7t5v0,fillcap_16,True,11973
AS03,AS03_chip_top_6_0,mcu7t5v0,fillcap_32,True,11658
AS03,AS03_chip_top_6_0,mcu7t5v0,fillcap_4,True,53161
AS03,AS03_chip_top_6_0,mcu7t5v0,fillcap_64,True,29468
AS03,AS03_chip_top_6_0,mcu7t5v0,fillcap_8,True,16758
AS03,AS03_chip_top_6_0,mcu7t5v0,filltie,True,60028
AS03,AS03_chip_top_6_0,mcu7t5v0,inv_1,False,1743
AS03,AS03_chip_top_6_0,mcu7t5v0,inv_12,False,9
AS03,AS03_chip_top_6_0,mcu7t5v0,inv_16,False,1
AS03,AS03_chip_top_6_0,mcu7t5v0,inv_2,False,156
AS03,AS03_chip_top_6_0,mcu7t5v0,inv_20,False,5
AS03,AS03_chip_top_6_0,mcu7t5v0,inv_3,False,41
AS03,AS03_chip_top_6_0,mcu7t5v0,inv_4,False,60
AS03,AS03_chip_top_6_0,mcu7t5v0,inv_8,False,12
AS03,AS03_chip_top_6_0,mcu7t5v0,mux2_2,False,1727
AS03,AS03_chip_top_6_0,mcu7t5v0,mux4_1,False,606
AS03,AS03_chip_top_6_0,mcu7t5v0,mux4_2,False,18
AS03,AS03_chip_top_6_0,mcu7t5v0,nand2_1,False,9917
AS03,AS03_chip_top_6_0,mcu7t5v0,nand2_2,False,686
AS03,AS03_chip_top_6_0,mcu7t5v0,nand2_4,False,13
AS03,AS03_chip_top_6_0,mcu7t5v0,nand3_1,False,1708
AS03,AS03_chip_top_6_0,mcu7t5v0,nand3_2,False,128
AS03,AS03_chip_top_6_0,mcu7t5v0,nand3_4,False,4
AS03,AS03_chip_top_6_0,mcu7t5v0,nand4_1,False,619
AS03,AS03_chip_top_6_0,mcu7t5v0,nand4_2,False,93
AS03,AS03_chip_top_6_0,mcu7t5v0,nand4_4,False,10
AS03,AS03_chip_top_6_0,mcu7t5v0,nor2_1,False,4815
AS03,AS03_chip_top_6_0,mcu7t5v0,nor2_2,False,349
AS03,AS03_chip_top_6_0,mcu7t5v0,nor2_4,False,17
AS03,AS03_chip_top_6_0,mcu7t5v0,nor3_1,False,781
AS03,AS03_chip_top_6_0,mcu7t5v0,nor3_2,False,95
AS03,AS03_chip_top_6_0,mcu7t5v0,nor3_4,False,25
AS03,AS03_chip_top_6_0,mcu7t5v0,nor4_1,False,298
AS03,AS03_chip_top_6_0,mcu7t5v0,nor4_2,False,64
AS03,AS03_chip_top_6_0,mcu7t5v0,nor4_4,False,12
AS03,AS03_chip_top_6_0,mcu7t5v0,oai211_1,False,1117
AS03,AS03_chip_top_6_0,mcu7t5v0,oai211_2,False,333
AS03,AS03_chip_top_6_0,mcu7t5v0,oai211_4,False,19
AS03,AS03_chip_top_6_0,mcu7t5v0,oai21_1,False,4728
AS03,AS03_chip_top_6_0,mcu7t5v0,oai21_2,False,910
AS03,AS03_chip_top_6_0,mcu7t5v0,oai21_4,False,318
AS03,AS03_chip_top_6_0,mcu7t5v0,oai221_1,False,289
AS03,AS03_chip_top_6_0,mcu7t5v0,oai221_2,False,115
AS03,AS03_chip_top_6_0,mcu7t5v0,oai221_4,False,19
AS03,AS03_chip_top_6_0,mcu7t5v0,oai222_1,False,34
AS03,AS03_chip_top_6_0,mcu7t5v0,oai222_2,False,13
AS03,AS03_chip_top_6_0,mcu7t5v0,oai222_4,False,1
AS03,AS03_chip_top_6_0,mcu7t5v0,oai22_1,False,841
AS03,AS03_chip_top_6_0,mcu7t5v0,oai22_2,False,93
AS03,AS03_chip_top_6_0,mcu7t5v0,oai22_4,False,19
AS03,AS03_chip_top_6_0,mcu7t5v0,oai31_1,False,322
AS03,AS03_chip_top_6_0,mcu7t5v0,oai31_2,False,277
AS03,AS03_chip_top_6_0,mcu7t5v0,oai31_4,False,141
AS03,AS03_chip_top_6_0,mcu7t5v0,oai32_1,False,197
AS03,AS03_chip_top_6_0,mcu7t5v0,oai32_2,False,67
AS03,AS03_chip_top_6_0,mcu7t5v0,oai32_4,False,2
AS03,AS03_chip_top_6_0,mcu7t5v0,oai33_1,False,66
AS03,AS03_chip_top_6_0,mcu7t5v0,oai33_4,False,15
AS03,AS03_chip_top_6_0,mcu7t5v0,or2_1,False,755
AS03,AS03_chip_top_6_0,mcu7t5v0,or2_2,False,211
AS03,AS03_chip_top_6_0,mcu7t5v0,or2_4,False,4
AS03,AS03_chip_top_6_0,mcu7t5v0,or3_1,False,214
AS03,AS03_chip_top_6_0,mcu7t5v0,or3_2,False,393
AS03,AS03_chip_top_6_0,mcu7t5v0,or3_4,False,6
AS03,AS03_chip_top_6_0,mcu7t5v0,or4_1,False,96
AS03,AS03_chip_top_6_0,mcu7t5v0,or4_2,False,215
AS03,AS03_chip_top_6_0,mcu7t5v0,or4_4,False,8
AS03,AS03_chip_top_6_0,mcu7t5v0,tieh,True,40
AS03,AS03_chip_top_6_0,mcu7t5v0,tiel,True,645
AS03,AS03_chip_top_6_0,mcu7t5v0,xnor2_1,False,1095
AS03,AS03_chip_top_6_0,mcu7t5v0,xnor2_2,False,45
AS03,AS03_chip_top_6_0,mcu7t5v0,xnor3_1,False,311
AS03,AS03_chip_top_6_0,mcu7t5v0,xnor3_2,False,16
AS03,AS03_chip_top_6_0,mcu7t5v0,xor2_1,False,3685
AS03,AS03_chip_top_6_0,mcu7t5v0,xor2_2,False,58
AS03,AS03_chip_top_6_0,mcu7t5v0,xor3_1,False,471
AS03,AS03_chip_top_6_0,mcu7t5v0,xor3_2,False,3
AS03,AS03_chip_top_6_0,mcu9t5v0,and2_1,False,92
AS03,AS03_chip_top_6_0,mcu9t5v0,and2_2,False,8
AS03,AS03_chip_top_6_0,mcu9t5v0,and2_4,False,2
AS03,AS03_chip_top_6_0,mcu9t5v0,and3_1,False,15
AS03,AS03_chip_top_6_0,mcu9t5v0,and3_4,False,2
AS03,AS03_chip_top_6_0,mcu9t5v0,and4_1,False,6
AS03,AS03_chip_top_6_0,mcu9t5v0,and4_4,False,1
AS03,AS03_chip_top_6_0,mcu9t5v0,antenna,True,1587
AS03,AS03_chip_top_6_0,mcu9t5v0,aoi211_1,False,61
AS03,AS03_chip_top_6_0,mcu9t5v0,aoi211_2,False,4
AS03,AS03_chip_top_6_0,mcu9t5v0,aoi211_4,False,1
AS03,AS03_chip_top_6_0,mcu9t5v0,aoi21_1,False,119
AS03,AS03_chip_top_6_0,mcu9t5v0,aoi21_2,False,40
AS03,AS03_chip_top_6_0,mcu9t5v0,aoi21_4,False,3
AS03,AS03_chip_top_6_0,mcu9t5v0,aoi221_1,False,90
AS03,AS03_chip_top_6_0,mcu9t5v0,aoi221_2,False,1
AS03,AS03_chip_top_6_0,mcu9t5v0,aoi221_4,False,4
AS03,AS03_chip_top_6_0,mcu9t5v0,aoi222_1,False,40
AS03,AS03_chip_top_6_0,mcu9t5v0,aoi222_4,False,8
AS03,AS03_chip_top_6_0,mcu9t5v0,aoi22_1,False,75
AS03,AS03_chip_top_6_0,mcu9t5v0,aoi22_2,False,13
AS03,AS03_chip_top_6_0,mcu9t5v0,aoi22_4,False,1
AS03,AS03_chip_top_6_0,mcu9t5v0,buf_1,False,224
AS03,AS03_chip_top_6_0,mcu9t5v0,buf_2,False,85
AS03,AS03_chip_top_6_0,mcu9t5v0,buf_3,False,4
AS03,AS03_chip_top_6_0,mcu9t5v0,buf_4,False,27
AS03,AS03_chip_top_6_0,mcu9t5v0,buf_8,False,4
AS03,AS03_chip_top_6_0,mcu9t5v0,clkbuf_1,False,26
AS03,AS03_chip_top_6_0,mcu9t5v0,clkbuf_16,False,3
AS03,AS03_chip_top_6_0,mcu9t5v0,clkbuf_2,False,23
AS03,AS03_chip_top_6_0,mcu9t5v0,clkbuf_4,False,9
AS03,AS03_chip_top_6_0,mcu9t5v0,clkinv_1,False,62
AS03,AS03_chip_top_6_0,mcu9t5v0,clkinv_2,False,10
AS03,AS03_chip_top_6_0,mcu9t5v0,dffq_1,False,18
AS03,AS03_chip_top_6_0,mcu9t5v0,dlya_1,False,4
AS03,AS03_chip_top_6_0,mcu9t5v0,dlyd_1,False,87
AS03,AS03_chip_top_6_0,mcu9t5v0,endcap,True,454
AS03,AS03_chip_top_6_0,mcu9t5v0,fill_1,True,1482
AS03,AS03_chip_top_6_0,mcu9t5v0,fill_2,True,1342
AS03,AS03_chip_top_6_0,mcu9t5v0,fillcap_16,True,893
AS03,AS03_chip_top_6_0,mcu9t5v0,fillcap_32,True,978
AS03,AS03_chip_top_6_0,mcu9t5v0,fillcap_4,True,2822
AS03,AS03_chip_top_6_0,mcu9t5v0,fillcap_64,True,1811
AS03,AS03_chip_top_6_0,mcu9t5v0,fillcap_8,True,952
AS03,AS03_chip_top_6_0,mcu9t5v0,filltie,True,3057
AS03,AS03_chip_top_6_0,mcu9t5v0,inv_1,False,10
AS03,AS03_chip_top_6_0,mcu9t5v0,inv_2,False,9
AS03,AS03_chip_top_6_0,mcu9t5v0,inv_3,False,11
AS03,AS03_chip_top_6_0,mcu9t5v0,inv_8,False,2
AS03,AS03_chip_top_6_0,mcu9t5v0,mux2_1,False,40
AS03,AS03_chip_top_6_0,mcu9t5v0,nand2_1,False,338
AS03,AS03_chip_top_6_0,mcu9t5v0,nand2_2,False,59
AS03,AS03_chip_top_6_0,mcu9t5v0,nand2_4,False,5
AS03,AS03_chip_top_6_0,mcu9t5v0,nand3_1,False,54
AS03,AS03_chip_top_6_0,mcu9t5v0,nand3_2,False,5
AS03,AS03_chip_top_6_0,mcu9t5v0,nand3_4,False,1
AS03,AS03_chip_top_6_0,mcu9t5v0,nand4_1,False,31
AS03,AS03_chip_top_6_0,mcu9t5v0,nand4_2,False,3
AS03,AS03_chip_top_6_0,mcu9t5v0,nand4_4,False,1
AS03,AS03_chip_top_6_0,mcu9t5v0,nor2_1,False,137
AS03,AS03_chip_top_6_0,mcu9t5v0,nor2_2,False,16
AS03,AS03_chip_top_6_0,mcu9t5v0,nor2_4,False,4
AS03,AS03_chip_top_6_0,mcu9t5v0,nor3_1,False,18
AS03,AS03_chip_top_6_0,mcu9t5v0,nor3_2,False,2
AS03,AS03_chip_top_6_0,mcu9t5v0,nor3_4,False,1
AS03,AS03_chip_top_6_0,mcu9t5v0,nor4_1,False,11
AS03,AS03_chip_top_6_0,mcu9t5v0,nor4_2,False,3
AS03,AS03_chip_top_6_0,mcu9t5v0,nor4_4,False,2
AS03,AS03_chip_top_6_0,mcu9t5v0,oai211_1,False,48
AS03,AS03_chip_top_6_0,mcu9t5v0,oai211_2,False,3
AS03,AS03_chip_top_6_0,mcu9t5v0,oai211_4,False,1
AS03,AS03_chip_top_6_0,mcu9t5v0,oai21_1,False,154
AS03,AS03_chip_top_6_0,mcu9t5v0,oai21_2,False,28
AS03,AS03_chip_top_6_0,mcu9t5v0,oai21_4,False,4
AS03,AS03_chip_top_6_0,mcu9t5v0,oai221_1,False,30
AS03,AS03_chip_top_6_0,mcu9t5v0,oai221_2,False,2
AS03,AS03_chip_top_6_0,mcu9t5v0,oai222_1,False,1
AS03,AS03_chip_top_6_0,mcu9t5v0,oai222_2,False,4
AS03,AS03_chip_top_6_0,mcu9t5v0,oai22_1,False,70
AS03,AS03_chip_top_6_0,mcu9t5v0,oai22_4,False,1
AS03,AS03_chip_top_6_0,mcu9t5v0,oai31_1,False,21
AS03,AS03_chip_top_6_0,mcu9t5v0,oai31_2,False,1
AS03,AS03_chip_top_6_0,mcu9t5v0,oai32_1,False,5
AS03,AS03_chip_top_6_0,mcu9t5v0,oai32_4,False,1
AS03,AS03_chip_top_6_0,mcu9t5v0,oai33_2,False,1
AS03,AS03_chip_top_6_0,mcu9t5v0,oai33_4,False,1
AS03,AS03_chip_top_6_0,mcu9t5v0,or2_1,False,30
AS03,AS03_chip_top_6_0,mcu9t5v0,or2_2,False,8
AS03,AS03_chip_top_6_0,mcu9t5v0,or2_4,False,4
AS03,AS03_chip_top_6_0,mcu9t5v0,or3_1,False,1
AS03,AS03_chip_top_6_0,mcu9t5v0,or4_1,False,1
AS03,AS03_chip_top_6_0,mcu9t5v0,or4_4,False,1
AS03,AS03_chip_top_6_0,mcu9t5v0,tieh,True,5
AS03,AS03_chip_top_6_0,mcu9t5v0,tiel,True,44
AS03,AS03_chip_top_6_0,mcu9t5v0,xnor2_1,False,9
AS03,AS03_chip_top_6_0,mcu9t5v0,xor2_1,False,3
AS03,AS03_chip_top_6_0,mcu9t5v0,xor2_2,False,2
TTPG,TTPG_tt_gf_wrapper_6_2,mcu7t5v0,addf_1,False,1
TTPG,TTPG_tt_gf_wrapper_6_2,mcu7t5v0,addf_2,False,1
TTPG,TTPG_tt_gf_wrapper_6_2,mcu7t5v0,addf_4,False,1
TTPG,TTPG_tt_gf_wrapper_6_2,mcu7t5v0,addh_1,False,1
TTPG,TTPG_tt_gf_wrapper_6_2,mcu7t5v0,addh_2,False,1
TTPG,TTPG_tt_gf_wrapper_6_2,mcu7t5v0,addh_4,False,1
TTPG,TTPG_tt_gf_wrapper_6_2,mcu7t5v0,and2_1,False,4081
TTPG,TTPG_tt_gf_wrapper_6_2,mcu7t5v0,and2_2,False,3031
TTPG,TTPG_tt_gf_wrapper_6_2,mcu7t5v0,and2_4,False,736
TTPG,TTPG_tt_gf_wrapper_6_2,mcu7t5v0,and3_1,False,915
TTPG,TTPG_tt_gf_wrapper_6_2,mcu7t5v0,and3_2,False,150
TTPG,TTPG_tt_gf_wrapper_6_2,mcu7t5v0,and3_4,False,227
TTPG,TTPG_tt_gf_wrapper_6_2,mcu7t5v0,and4_1,False,400
TTPG,TTPG_tt_gf_wrapper_6_2,mcu7t5v0,and4_2,False,101
TTPG,TTPG_tt_gf_wrapper_6_2,mcu7t5v0,and4_4,False,139
TTPG,TTPG_tt_gf_wrapper_6_2,mcu7t5v0,antenna,True,3479
TTPG,TTPG_tt_gf_wrapper_6_2,mcu7t5v0,aoi211_1,False,2001
TTPG,TTPG_tt_gf_wrapper_6_2,mcu7t5v0,aoi211_2,False,407
TTPG,TTPG_tt_gf_wrapper_6_2,mcu7t5v0,aoi211_4,False,329
TTPG,TTPG_tt_gf_wrapper_6_2,mcu7t5v0,aoi21_1,False,11441
TTPG,TTPG_tt_gf_wrapper_6_2,mcu7t5v0,aoi21_2,False,1376
TTPG,TTPG_tt_gf_wrapper_6_2,mcu7t5v0,aoi21_4,False,506
TTPG,TTPG_tt_gf_wrapper_6_2,mcu7t5v0,aoi221_1,False,1443
TTPG,TTPG_tt_gf_wrapper_6_2,mcu7t5v0,aoi221_2,False,298
TTPG,TTPG_tt_gf_wrapper_6_2,mcu7t5v0,aoi221_4,False,330
TTPG,TTPG_tt_gf_wrapper_6_2,mcu7t5v0,aoi222_1,False,278
TTPG,TTPG_tt_gf_wrapper_6_2,mcu7t5v0,aoi222_2,False,265
TTPG,TTPG_tt_gf_wrapper_6_2,mcu7t5v0,aoi222_4,False,54
TTPG,TTPG_tt_gf_wrapper_6_2,mcu7t5v0,aoi22_1,False,4346
TTPG,TTPG_tt_gf_wrapper_6_2,mcu7t5v0,aoi22_2,False,475
TTPG,TTPG_tt_gf_wrapper_6_2,mcu7t5v0,aoi22_4,False,110
TTPG,TTPG_tt_gf_wrapper_6_2,mcu7t5v0,buf_1,False,1027
TTPG,TTPG_tt_gf_wrapper_6_2,mcu7t5v0,buf_12,False,146
TTPG,TTPG_tt_gf_wrapper_6_2,mcu7t5v0,buf_16,False,6
TTPG,TTPG_tt_gf_wrapper_6_2,mcu7t5v0,buf_2,False,7068
TTPG,TTPG_tt_gf_wrapper_6_2,mcu7t5v0,buf_20,False,9
TTPG,TTPG_tt_gf_wrapper_6_2,mcu7t5v0,buf_3,False,263
TTPG,TTPG_tt_gf_wrapper_6_2,mcu7t5v0,buf_4,False,6477
TTPG,TTPG_tt_gf_wrapper_6_2,mcu7t5v0,buf_8,False,2604
TTPG,TTPG_tt_gf_wrapper_6_2,mcu7t5v0,bufz_1,False,409
TTPG,TTPG_tt_gf_wrapper_6_2,mcu7t5v0,bufz_12,False,1081
TTPG,TTPG_tt_gf_wrapper_6_2,mcu7t5v0,bufz_16,False,1
TTPG,TTPG_tt_gf_wrapper_6_2,mcu7t5v0,bufz_2,False,1
TTPG,TTPG_tt_gf_wrapper_6_2,mcu7t5v0,bufz_3,False,1
TTPG,TTPG_tt_gf_wrapper_6_2,mcu7t5v0,bufz_4,False,1
TTPG,TTPG_tt_gf_wrapper_6_2,mcu7t5v0,bufz_8,False,1
TTPG,TTPG_tt_gf_wrapper_6_2,mcu7t5v0,clkbuf_1,False,667
TTPG,TTPG_tt_gf_wrapper_6_2,mcu7t5v0,clkbuf_12,False,1
TTPG,TTPG_tt_gf_wrapper_6_2,mcu7t5v0,clkbuf_16,False,241
TTPG,TTPG_tt_gf_wrapper_6_2,mcu7t5v0,clkbuf_2,False,775
TTPG,TTPG_tt_gf_wrapper_6_2,mcu7t5v0,clkbuf_20,False,1
TTPG,TTPG_tt_gf_wrapper_6_2,mcu7t5v0,clkbuf_3,False,432
TTPG,TTPG_tt_gf_wrapper_6_2,mcu7t5v0,clkbuf_4,False,1095
TTPG,TTPG_tt_gf_wrapper_6_2,mcu7t5v0,clkbuf_8,False,1987
TTPG,TTPG_tt_gf_wrapper_6_2,mcu7t5v0,clkinv_1,False,4367
TTPG,TTPG_tt_gf_wrapper_6_2,mcu7t5v0,clkinv_12,False,24
TTPG,TTPG_tt_gf_wrapper_6_2,mcu7t5v0,clkinv_16,False,7
TTPG,TTPG_tt_gf_wrapper_6_2,mcu7t5v0,clkinv_2,False,373
TTPG,TTPG_tt_gf_wrapper_6_2,mcu7t5v0,clkinv_20,False,4
TTPG,TTPG_tt_gf_wrapper_6_2,mcu7t5v0,clkinv_3,False,100
TTPG,TTPG_tt_gf_wrapper_6_2,mcu7t5v0,clkinv_4,False,150
TTPG,TTPG_tt_gf_wrapper_6_2,mcu7t5v0,clkinv_8,False,141
TTPG,TTPG_tt_gf_wrapper_6_2,mcu7t5v0,dffnq_1,False,545
TTPG,TTPG_tt_gf_wrapper_6_2,mcu7t5v0,dffnq_2,False,58
TTPG,TTPG_tt_gf_wrapper_6_2,mcu7t5v0,dffnq_4,False,1600
TTPG,TTPG_tt_gf_wrapper_6_2,mcu7t5v0,dffnrnq_1,False,22
TTPG,TTPG_tt_gf_wrapper_6_2,mcu7t5v0,dffnrnq_2,False,1
TTPG,TTPG_tt_gf_wrapper_6_2,mcu7t5v0,dffnrnq_4,False,1
TTPG,TTPG_tt_gf_wrapper_6_2,mcu7t5v0,dffnrsnq_1,False,1
TTPG,TTPG_tt_gf_wrapper_6_2,mcu7t5v0,dffnrsnq_2,False,1
TTPG,TTPG_tt_gf_wrapper_6_2,mcu7t5v0,dffnrsnq_4,False,1
TTPG,TTPG_tt_gf_wrapper_6_2,mcu7t5v0,dffnsnq_1,False,14
TTPG,TTPG_tt_gf_wrapper_6_2,mcu7t5v0,dffnsnq_2,False,3
TTPG,TTPG_tt_gf_wrapper_6_2,mcu7t5v0,dffnsnq_4,False,1
TTPG,TTPG_tt_gf_wrapper_6_2,mcu7t5v0,dffq_1,False,10148
TTPG,TTPG_tt_gf_wrapper_6_2,mcu7t5v0,dffq_2,False,650
TTPG,TTPG_tt_gf_wrapper_6_2,mcu7t5v0,dffq_4,False,6262
TTPG,TTPG_tt_gf_wrapper_6_2,mcu7t5v0,dffrnq_1,False,2917
TTPG,TTPG_tt_gf_wrapper_6_2,mcu7t5v0,dffrnq_2,False,1294
TTPG,TTPG_tt_gf_wrapper_6_2,mcu7t5v0,dffrnq_4,False,46
TTPG,TTPG_tt_gf_wrapper_6_2,mcu7t5v0,dffrsnq_1,False,46
TTPG,TTPG_tt_gf_wrapper_6_2,mcu7t5v0,dffrsnq_2,False,13
TTPG,TTPG_tt_gf_wrapper_6_2,mcu7t5v0,dffrsnq_4,False,1
TTPG,TTPG_tt_gf_wrapper_6_2,mcu7t5v0,dffsnq_1,False,71
TTPG,TTPG_tt_gf_wrapper_6_2,mcu7t5v0,dffsnq_2,False,44
TTPG,TTPG_tt_gf_wrapper_6_2,mcu7t5v0,dffsnq_4,False,21
TTPG,TTPG_tt_gf_wrapper_6_2,mcu7t5v0,dlya_1,False,55
TTPG,TTPG_tt_gf_wrapper_6_2,mcu7t5v0,dlya_2,False,927
TTPG,TTPG_tt_gf_wrapper_6_2,mcu7t5v0,dlya_4,False,1
TTPG,TTPG_tt_gf_wrapper_6_2,mcu7t5v0,dlyb_1,False,740
TTPG,TTPG_tt_gf_wrapper_6_2,mcu7t5v0,dlyb_2,False,1
TTPG,TTPG_tt_gf_wrapper_6_2,mcu7t5v0,dlyb_4,False,1
TTPG,TTPG_tt_gf_wrapper_6_2,mcu7t5v0,dlyc_1,False,4
TTPG,TTPG_tt_gf_wrapper_6_2,mcu7t5v0,dlyc_2,False,1
TTPG,TTPG_tt_gf_wrapper_6_2,mcu7t5v0,dlyc_4,False,1
TTPG,TTPG_tt_gf_wrapper_6_2,mcu7t5v0,dlyd_1,False,1
TTPG,TTPG_tt_gf_wrapper_6_2,mcu7t5v0,dlyd_2,False,1
TTPG,TTPG_tt_gf_wrapper_6_2,mcu7t5v0,dlyd_4,False,1
TTPG,TTPG_tt_gf_wrapper_6_2,mcu7t5v0,endcap,True,7826
TTPG,TTPG_tt_gf_wrapper_6_2,mcu7t5v0,fill_1,True,72935
TTPG,TTPG_tt_gf_wrapper_6_2,mcu7t5v0,fill_16,True,55
TTPG,TTPG_tt_gf_wrapper_6_2,mcu7t5v0,fill_2,True,65920
TTPG,TTPG_tt_gf_wrapper_6_2,mcu7t5v0,fill_32,True,88
TTPG,TTPG_tt_gf_wrapper_6_2,mcu7t5v0,fill_4,True,149
TTPG,TTPG_tt_gf_wrapper_6_2,mcu7t5v0,fill_64,True,59
TTPG,TTPG_tt_gf_wrapper_6_2,mcu7t5v0,fill_8,True,71
TTPG,TTPG_tt_gf_wrapper_6_2,mcu7t5v0,fillcap_16,True,18616
TTPG,TTPG_tt_gf_wrapper_6_2,mcu7t5v0,fillcap_32,True,10339
TTPG,TTPG_tt_gf_wrapper_6_2,mcu7t5v0,fillcap_4,True,62936
TTPG,TTPG_tt_gf_wrapper_6_2,mcu7t5v0,fillcap_64,True,10559
TTPG,TTPG_tt_gf_wrapper_6_2,mcu7t5v0,fillcap_8,True,34881
TTPG,TTPG_tt_gf_wrapper_6_2,mcu7t5v0,filltie,True,71450
TTPG,TTPG_tt_gf_wrapper_6_2,mcu7t5v0,hold,False,1
TTPG,TTPG_tt_gf_wrapper_6_2,mcu7t5v0,icgtn_1,False,1
TTPG,TTPG_tt_gf_wrapper_6_2,mcu7t5v0,icgtn_2,False,1
TTPG,TTPG_tt_gf_wrapper_6_2,mcu7t5v0,icgtn_4,False,1
TTPG,TTPG_tt_gf_wrapper_6_2,mcu7t5v0,icgtp_1,False,1
TTPG,TTPG_tt_gf_wrapper_6_2,mcu7t5v0,icgtp_2,False,1
TTPG,TTPG_tt_gf_wrapper_6_2,mcu7t5v0,icgtp_4,False,1
TTPG,TTPG_tt_gf_wrapper_6_2,mcu7t5v0,inv_1,False,5100
TTPG,TTPG_tt_gf_wrapper_6_2,mcu7t5v0,inv_12,False,13
TTPG,TTPG_tt_gf_wrapper_6_2,mcu7t5v0,inv_16,False,3
TTPG,TTPG_tt_gf_wrapper_6_2,mcu7t5v0,inv_2,False,1392
TTPG,TTPG_tt_gf_wrapper_6_2,mcu7t5v0,inv_20,False,3
TTPG,TTPG_tt_gf_wrapper_6_2,mcu7t5v0,inv_3,False,457
TTPG,TTPG_tt_gf_wrapper_6_2,mcu7t5v0,inv_4,False,368
TTPG,TTPG_tt_gf_wrapper_6_2,mcu7t5v0,inv_8,False,146
TTPG,TTPG_tt_gf_wrapper_6_2,mcu7t5v0,invz_1,False,1
TTPG,TTPG_tt_gf_wrapper_6_2,mcu7t5v0,invz_12,False,1
TTPG,TTPG_tt_gf_wrapper_6_2,mcu7t5v0,invz_16,False,1
TTPG,TTPG_tt_gf_wrapper_6_2,mcu7t5v0,invz_2,False,1
TTPG,TTPG_tt_gf_wrapper_6_2,mcu7t5v0,invz_3,False,1
TTPG,TTPG_tt_gf_wrapper_6_2,mcu7t5v0,invz_4,False,1
TTPG,TTPG_tt_gf_wrapper_6_2,mcu7t5v0,invz_8,False,1
TTPG,TTPG_tt_gf_wrapper_6_2,mcu7t5v0,latq_1,False,373
TTPG,TTPG_tt_gf_wrapper_6_2,mcu7t5v0,latq_2,False,40
TTPG,TTPG_tt_gf_wrapper_6_2,mcu7t5v0,latq_4,False,102
TTPG,TTPG_tt_gf_wrapper_6_2,mcu7t5v0,latrnq_1,False,1
TTPG,TTPG_tt_gf_wrapper_6_2,mcu7t5v0,latrnq_2,False,1
TTPG,TTPG_tt_gf_wrapper_6_2,mcu7t5v0,latrnq_4,False,1
TTPG,TTPG_tt_gf_wrapper_6_2,mcu7t5v0,latrsnq_1,False,1
TTPG,TTPG_tt_gf_wrapper_6_2,mcu7t5v0,latrsnq_2,False,1
TTPG,TTPG_tt_gf_wrapper_6_2,mcu7t5v0,latrsnq_4,False,1
TTPG,TTPG_tt_gf_wrapper_6_2,mcu7t5v0,latsnq_1,False,1
TTPG,TTPG_tt_gf_wrapper_6_2,mcu7t5v0,latsnq_2,False,1
TTPG,TTPG_tt_gf_wrapper_6_2,mcu7t5v0,latsnq_4,False,1
TTPG,TTPG_tt_gf_wrapper_6_2,mcu7t5v0,mux2_1,False,1
TTPG,TTPG_tt_gf_wrapper_6_2,mcu7t5v0,mux2_2,False,5990
TTPG,TTPG_tt_gf_wrapper_6_2,mcu7t5v0,mux2_4,False,28
TTPG,TTPG_tt_gf_wrapper_6_2,mcu7t5v0,mux4_1,False,591
TTPG,TTPG_tt_gf_wrapper_6_2,mcu7t5v0,mux4_2,False,786
TTPG,TTPG_tt_gf_wrapper_6_2,mcu7t5v0,mux4_4,False,65
TTPG,TTPG_tt_gf_wrapper_6_2,mcu7t5v0,nand2_1,False,23817
TTPG,TTPG_tt_gf_wrapper_6_2,mcu7t5v0,nand2_2,False,2268
TTPG,TTPG_tt_gf_wrapper_6_2,mcu7t5v0,nand2_4,False,930
TTPG,TTPG_tt_gf_wrapper_6_2,mcu7t5v0,nand3_1,False,3487
TTPG,TTPG_tt_gf_wrapper_6_2,mcu7t5v0,nand3_2,False,747
TTPG,TTPG_tt_gf_wrapper_6_2,mcu7t5v0,nand3_4,False,365
TTPG,TTPG_tt_gf_wrapper_6_2,mcu7t5v0,nand4_1,False,752
TTPG,TTPG_tt_gf_wrapper_6_2,mcu7t5v0,nand4_2,False,387
TTPG,TTPG_tt_gf_wrapper_6_2,mcu7t5v0,nand4_4,False,317
TTPG,TTPG_tt_gf_wrapper_6_2,mcu7t5v0,nor2_1,False,13214
TTPG,TTPG_tt_gf_wrapper_6_2,mcu7t5v0,nor2_2,False,1817
TTPG,TTPG_tt_gf_wrapper_6_2,mcu7t5v0,nor2_4,False,1110
TTPG,TTPG_tt_gf_wrapper_6_2,mcu7t5v0,nor3_1,False,2106
TTPG,TTPG_tt_gf_wrapper_6_2,mcu7t5v0,nor3_2,False,624
TTPG,TTPG_tt_gf_wrapper_6_2,mcu7t5v0,nor3_4,False,493
TTPG,TTPG_tt_gf_wrapper_6_2,mcu7t5v0,nor4_1,False,411
TTPG,TTPG_tt_gf_wrapper_6_2,mcu7t5v0,nor4_2,False,337
TTPG,TTPG_tt_gf_wrapper_6_2,mcu7t5v0,nor4_4,False,391
TTPG,TTPG_tt_gf_wrapper_6_2,mcu7t5v0,oai211_1,False,3578
TTPG,TTPG_tt_gf_wrapper_6_2,mcu7t5v0,oai211_2,False,385
TTPG,TTPG_tt_gf_wrapper_6_2,mcu7t5v0,oai211_4,False,234
TTPG,TTPG_tt_gf_wrapper_6_2,mcu7t5v0,oai21_1,False,14104
TTPG,TTPG_tt_gf_wrapper_6_2,mcu7t5v0,oai21_2,False,877
TTPG,TTPG_tt_gf_wrapper_6_2,mcu7t5v0,oai21_4,False,408
TTPG,TTPG_tt_gf_wrapper_6_2,mcu7t5v0,oai221_1,False,785
TTPG,TTPG_tt_gf_wrapper_6_2,mcu7t5v0,oai221_2,False,134
TTPG,TTPG_tt_gf_wrapper_6_2,mcu7t5v0,oai221_4,False,107
TTPG,TTPG_tt_gf_wrapper_6_2,mcu7t5v0,oai222_1,False,47
TTPG,TTPG_tt_gf_wrapper_6_2,mcu7t5v0,oai222_2,False,81
TTPG,TTPG_tt_gf_wrapper_6_2,mcu7t5v0,oai222_4,False,63
TTPG,TTPG_tt_gf_wrapper_6_2,mcu7t5v0,oai22_1,False,1648
TTPG,TTPG_tt_gf_wrapper_6_2,mcu7t5v0,oai22_2,False,250
TTPG,TTPG_tt_gf_wrapper_6_2,mcu7t5v0,oai22_4,False,121
TTPG,TTPG_tt_gf_wrapper_6_2,mcu7t5v0,oai31_1,False,996
TTPG,TTPG_tt_gf_wrapper_6_2,mcu7t5v0,oai31_2,False,321
TTPG,TTPG_tt_gf_wrapper_6_2,mcu7t5v0,oai31_4,False,162
TTPG,TTPG_tt_gf_wrapper_6_2,mcu7t5v0,oai32_1,False,432
TTPG,TTPG_tt_gf_wrapper_6_2,mcu7t5v0,oai32_2,False,50
TTPG,TTPG_tt_gf_wrapper_6_2,mcu7t5v0,oai32_4,False,137
TTPG,TTPG_tt_gf_wrapper_6_2,mcu7t5v0,oai33_1,False,18
TTPG,TTPG_tt_gf_wrapper_6_2,mcu7t5v0,oai33_2,False,1
TTPG,TTPG_tt_gf_wrapper_6_2,mcu7t5v0,oai33_4,False,29
TTPG,TTPG_tt_gf_wrapper_6_2,mcu7t5v0,or2_1,False,2467
TTPG,TTPG_tt_gf_wrapper_6_2,mcu7t5v0,or2_2,False,530
TTPG,TTPG_tt_gf_wrapper_6_2,mcu7t5v0,or2_4,False,415
TTPG,TTPG_tt_gf_wrapper_6_2,mcu7t5v0,or3_1,False,429
TTPG,TTPG_tt_gf_wrapper_6_2,mcu7t5v0,or3_2,False,123
TTPG,TTPG_tt_gf_wrapper_6_2,mcu7t5v0,or3_4,False,156
TTPG,TTPG_tt_gf_wrapper_6_2,mcu7t5v0,or4_1,False,158
TTPG,TTPG_tt_gf_wrapper_6_2,mcu7t5v0,or4_2,False,78
TTPG,TTPG_tt_gf_wrapper_6_2,mcu7t5v0,or4_4,False,120
TTPG,TTPG_tt_gf_wrapper_6_2,mcu7t5v0,sdffq_1,False,1
TTPG,TTPG_tt_gf_wrapper_6_2,mcu7t5v0,sdffq_2,False,1
TTPG,TTPG_tt_gf_wrapper_6_2,mcu7t5v0,sdffq_4,False,1
TTPG,TTPG_tt_gf_wrapper_6_2,mcu7t5v0,sdffrnq_1,False,1
TTPG,TTPG_tt_gf_wrapper_6_2,mcu7t5v0,sdffrnq_2,False,1
TTPG,TTPG_tt_gf_wrapper_6_2,mcu7t5v0,sdffrnq_4,False,1
TTPG,TTPG_tt_gf_wrapper_6_2,mcu7t5v0,sdffrsnq_1,False,1
TTPG,TTPG_tt_gf_wrapper_6_2,mcu7t5v0,sdffrsnq_2,False,1
TTPG,TTPG_tt_gf_wrapper_6_2,mcu7t5v0,sdffrsnq_4,False,1
TTPG,TTPG_tt_gf_wrapper_6_2,mcu7t5v0,sdffsnq_1,False,1
TTPG,TTPG_tt_gf_wrapper_6_2,mcu7t5v0,sdffsnq_2,False,1
TTPG,TTPG_tt_gf_wrapper_6_2,mcu7t5v0,sdffsnq_4,False,1
TTPG,TTPG_tt_gf_wrapper_6_2,mcu7t5v0,tieh,True,117
TTPG,TTPG_tt_gf_wrapper_6_2,mcu7t5v0,tiel,True,843
TTPG,TTPG_tt_gf_wrapper_6_2,mcu7t5v0,xnor2_1,False,2498
TTPG,TTPG_tt_gf_wrapper_6_2,mcu7t5v0,xnor2_2,False,182
TTPG,TTPG_tt_gf_wrapper_6_2,mcu7t5v0,xnor2_4,False,3
TTPG,TTPG_tt_gf_wrapper_6_2,mcu7t5v0,xnor3_1,False,449
TTPG,TTPG_tt_gf_wrapper_6_2,mcu7t5v0,xnor3_2,False,46
TTPG,TTPG_tt_gf_wrapper_6_2,mcu7t5v0,xnor3_4,False,1
TTPG,TTPG_tt_gf_wrapper_6_2,mcu7t5v0,xor2_1,False,7614
TTPG,TTPG_tt_gf_wrapper_6_2,mcu7t5v0,xor2_2,False,831
TTPG,TTPG_tt_gf_wrapper_6_2,mcu7t5v0,xor2_4,False,30
TTPG,TTPG_tt_gf_wrapper_6_2,mcu7t5v0,xor3_1,False,1467
TTPG,TTPG_tt_gf_wrapper_6_2,mcu7t5v0,xor3_2,False,118
TTPG,TTPG_tt_gf_wrapper_6_2,mcu7t5v0,xor3_4,False,6
TTPG,TTPG_tt_gf_wrapper_6_2,mcu9t5v0,and2_1,False,107
TTPG,TTPG_tt_gf_wrapper_6_2,mcu9t5v0,and3_1,False,27
TTPG,TTPG_tt_gf_wrapper_6_2,mcu9t5v0,and4_1,False,8
TTPG,TTPG_tt_gf_wrapper_6_2,mcu9t5v0,aoi211_1,False,26
TTPG,TTPG_tt_gf_wrapper_6_2,mcu9t5v0,aoi211_2,False,2
TTPG,TTPG_tt_gf_wrapper_6_2,mcu9t5v0,aoi21_1,False,208
TTPG,TTPG_tt_gf_wrapper_6_2,mcu9t5v0,aoi21_2,False,16
TTPG,TTPG_tt_gf_wrapper_6_2,mcu9t5v0,aoi21_4,False,1
TTPG,TTPG_tt_gf_wrapper_6_2,mcu9t5v0,aoi221_1,False,30
TTPG,TTPG_tt_gf_wrapper_6_2,mcu9t5v0,aoi221_2,False,1
TTPG,TTPG_tt_gf_wrapper_6_2,mcu9t5v0,aoi221_4,False,1
TTPG,TTPG_tt_gf_wrapper_6_2,mcu9t5v0,aoi22_1,False,76
TTPG,TTPG_tt_gf_wrapper_6_2,mcu9t5v0,aoi22_2,False,5
TTPG,TTPG_tt_gf_wrapper_6_2,mcu9t5v0,buf_1,False,16
TTPG,TTPG_tt_gf_wrapper_6_2,mcu9t5v0,buf_2,False,58
TTPG,TTPG_tt_gf_wrapper_6_2,mcu9t5v0,buf_3,False,16
TTPG,TTPG_tt_gf_wrapper_6_2,mcu9t5v0,buf_4,False,2
TTPG,TTPG_tt_gf_wrapper_6_2,mcu9t5v0,clkbuf_1,False,5
TTPG,TTPG_tt_gf_wrapper_6_2,mcu9t5v0,clkbuf_16,False,5
TTPG,TTPG_tt_gf_wrapper_6_2,mcu9t5v0,clkbuf_2,False,17
TTPG,TTPG_tt_gf_wrapper_6_2,mcu9t5v0,clkbuf_3,False,47
TTPG,TTPG_tt_gf_wrapper_6_2,mcu9t5v0,clkbuf_4,False,8
TTPG,TTPG_tt_gf_wrapper_6_2,mcu9t5v0,clkbuf_8,False,45
TTPG,TTPG_tt_gf_wrapper_6_2,mcu9t5v0,clkinv_1,False,179
TTPG,TTPG_tt_gf_wrapper_6_2,mcu9t5v0,clkinv_2,False,18
TTPG,TTPG_tt_gf_wrapper_6_2,mcu9t5v0,clkinv_3,False,4
TTPG,TTPG_tt_gf_wrapper_6_2,mcu9t5v0,clkinv_4,False,2
TTPG,TTPG_tt_gf_wrapper_6_2,mcu9t5v0,clkinv_8,False,12
TTPG,TTPG_tt_gf_wrapper_6_2,mcu9t5v0,dffq_1,False,136
TTPG,TTPG_tt_gf_wrapper_6_2,mcu9t5v0,dffq_2,False,67
TTPG,TTPG_tt_gf_wrapper_6_2,mcu9t5v0,dffq_4,False,1
TTPG,TTPG_tt_gf_wrapper_6_2,mcu9t5v0,dlyb_1,False,9
TTPG,TTPG_tt_gf_wrapper_6_2,mcu9t5v0,dlyc_1,False,2
TTPG,TTPG_tt_gf_wrapper_6_2,mcu9t5v0,endcap,True,124
TTPG,TTPG_tt_gf_wrapper_6_2,mcu9t5v0,fill_1,True,1203
TTPG,TTPG_tt_gf_wrapper_6_2,mcu9t5v0,fill_2,True,1064
TTPG,TTPG_tt_gf_wrapper_6_2,mcu9t5v0,fillcap_16,True,330
TTPG,TTPG_tt_gf_wrapper_6_2,mcu9t5v0,fillcap_32,True,143
TTPG,TTPG_tt_gf_wrapper_6_2,mcu9t5v0,fillcap_4,True,1134
TTPG,TTPG_tt_gf_wrapper_6_2,mcu9t5v0,fillcap_64,True,245
TTPG,TTPG_tt_gf_wrapper_6_2,mcu9t5v0,fillcap_8,True,615
TTPG,TTPG_tt_gf_wrapper_6_2,mcu9t5v0,filltie,True,1122
TTPG,TTPG_tt_gf_wrapper_6_2,mcu9t5v0,inv_1,False,14
TTPG,TTPG_tt_gf_wrapper_6_2,mcu9t5v0,inv_2,False,4
TTPG,TTPG_tt_gf_wrapper_6_2,mcu9t5v0,inv_20,False,2
TTPG,TTPG_tt_gf_wrapper_6_2,mcu9t5v0,inv_3,False,3
TTPG,TTPG_tt_gf_wrapper_6_2,mcu9t5v0,inv_4,False,24
TTPG,TTPG_tt_gf_wrapper_6_2,mcu9t5v0,mux2_1,False,22
TTPG,TTPG_tt_gf_wrapper_6_2,mcu9t5v0,nand2_1,False,694
TTPG,TTPG_tt_gf_wrapper_6_2,mcu9t5v0,nand2_2,False,22
TTPG,TTPG_tt_gf_wrapper_6_2,mcu9t5v0,nand2_4,False,3
TTPG,TTPG_tt_gf_wrapper_6_2,mcu9t5v0,nand3_1,False,100
TTPG,TTPG_tt_gf_wrapper_6_2,mcu9t5v0,nand3_2,False,10
TTPG,TTPG_tt_gf_wrapper_6_2,mcu9t5v0,nand3_4,False,4
TTPG,TTPG_tt_gf_wrapper_6_2,mcu9t5v0,nand4_1,False,14
TTPG,TTPG_tt_gf_wrapper_6_2,mcu9t5v0,nand4_2,False,8
TTPG,TTPG_tt_gf_wrapper_6_2,mcu9t5v0,nor2_1,False,321
TTPG,TTPG_tt_gf_wrapper_6_2,mcu9t5v0,nor2_2,False,16
TTPG,TTPG_tt_gf_wrapper_6_2,mcu9t5v0,nor2_4,False,4
TTPG,TTPG_tt_gf_wrapper_6_2,mcu9t5v0,nor3_1,False,56
TTPG,TTPG_tt_gf_wrapper_6_2,mcu9t5v0,nor3_2,False,6
TTPG,TTPG_tt_gf_wrapper_6_2,mcu9t5v0,nor3_4,False,2
TTPG,TTPG_tt_gf_wrapper_6_2,mcu9t5v0,nor4_1,False,9
TTPG,TTPG_tt_gf_wrapper_6_2,mcu9t5v0,nor4_2,False,7
TTPG,TTPG_tt_gf_wrapper_6_2,mcu9t5v0,nor4_4,False,3
TTPG,TTPG_tt_gf_wrapper_6_2,mcu9t5v0,oai211_1,False,51
TTPG,TTPG_tt_gf_wrapper_6_2,mcu9t5v0,oai211_2,False,1
TTPG,TTPG_tt_gf_wrapper_6_2,mcu9t5v0,oai21_1,False,211
TTPG,TTPG_tt_gf_wrapper_6_2,mcu9t5v0,oai21_2,False,6
TTPG,TTPG_tt_gf_wrapper_6_2,mcu9t5v0,oai221_1,False,10
TTPG,TTPG_tt_gf_wrapper_6_2,mcu9t5v0,oai221_2,False,3
TTPG,TTPG_tt_gf_wrapper_6_2,mcu9t5v0,oai222_1,False,2
TTPG,TTPG_tt_gf_wrapper_6_2,mcu9t5v0,oai22_1,False,78
TTPG,TTPG_tt_gf_wrapper_6_2,mcu9t5v0,oai22_2,False,1
TTPG,TTPG_tt_gf_wrapper_6_2,mcu9t5v0,oai31_1,False,24
TTPG,TTPG_tt_gf_wrapper_6_2,mcu9t5v0,oai31_2,False,1
TTPG,TTPG_tt_gf_wrapper_6_2,mcu9t5v0,oai32_1,False,11
TTPG,TTPG_tt_gf_wrapper_6_2,mcu9t5v0,oai33_1,False,4
TTPG,TTPG_tt_gf_wrapper_6_2,mcu9t5v0,or2_1,False,51
TTPG,TTPG_tt_gf_wrapper_6_2,mcu9t5v0,or2_2,False,3
TTPG,TTPG_tt_gf_wrapper_6_2,mcu9t5v0,or3_1,False,6
TTPG,TTPG_tt_gf_wrapper_6_2,mcu9t5v0,or3_2,False,2
TTPG,TTPG_tt_gf_wrapper_6_2,mcu9t5v0,or4_1,False,1
TTPG,TTPG_tt_gf_wrapper_6_2,mcu9t5v0,or4_2,False,1
TTPG,TTPG_tt_gf_wrapper_6_2,mcu9t5v0,tieh,True,8
TTPG,TTPG_tt_gf_wrapper_6_2,mcu9t5v0,xnor2_1,False,310
TTPG,TTPG_tt_gf_wrapper_6_2,mcu9t5v0,xnor2_2,False,9
TTPG,TTPG_tt_gf_wrapper_6_2,mcu9t5v0,xnor3_1,False,115
TTPG,TTPG_tt_gf_wrapper_6_2,mcu9t5v0,xnor3_2,False,1
TTPG,TTPG_tt_gf_wrapper_6_2,mcu9t5v0,xor2_1,False,196
TTPG,TTPG_tt_gf_wrapper_6_2,mcu9t5v0,xor2_2,False,3
TTPG,TTPG_tt_gf_wrapper_6_2,mcu9t5v0,xor2_4,False,1
TTPG,TTPG_tt_gf_wrapper_6_2,mcu9t5v0,xor3_1,False,18
TTP2,TTP2_tt_gf_wrapper_6_4,mcu7t5v0,addf_1,False,1
TTP2,TTP2_tt_gf_wrapper_6_4,mcu7t5v0,addf_2,False,1
TTP2,TTP2_tt_gf_wrapper_6_4,mcu7t5v0,addf_4,False,1
TTP2,TTP2_tt_gf_wrapper_6_4,mcu7t5v0,addh_1,False,1
TTP2,TTP2_tt_gf_wrapper_6_4,mcu7t5v0,addh_2,False,1
TTP2,TTP2_tt_gf_wrapper_6_4,mcu7t5v0,addh_4,False,1
TTP2,TTP2_tt_gf_wrapper_6_4,mcu7t5v0,and2_1,False,4084
TTP2,TTP2_tt_gf_wrapper_6_4,mcu7t5v0,and2_2,False,3031
TTP2,TTP2_tt_gf_wrapper_6_4,mcu7t5v0,and2_4,False,736
TTP2,TTP2_tt_gf_wrapper_6_4,mcu7t5v0,and3_1,False,915
TTP2,TTP2_tt_gf_wrapper_6_4,mcu7t5v0,and3_2,False,150
TTP2,TTP2_tt_gf_wrapper_6_4,mcu7t5v0,and3_4,False,227
TTP2,TTP2_tt_gf_wrapper_6_4,mcu7t5v0,and4_1,False,401
TTP2,TTP2_tt_gf_wrapper_6_4,mcu7t5v0,and4_2,False,101
TTP2,TTP2_tt_gf_wrapper_6_4,mcu7t5v0,and4_4,False,139
TTP2,TTP2_tt_gf_wrapper_6_4,mcu7t5v0,antenna,True,3479
TTP2,TTP2_tt_gf_wrapper_6_4,mcu7t5v0,aoi211_1,False,2001
TTP2,TTP2_tt_gf_wrapper_6_4,mcu7t5v0,aoi211_2,False,406
TTP2,TTP2_tt_gf_wrapper_6_4,mcu7t5v0,aoi211_4,False,329
TTP2,TTP2_tt_gf_wrapper_6_4,mcu7t5v0,aoi21_1,False,11448
TTP2,TTP2_tt_gf_wrapper_6_4,mcu7t5v0,aoi21_2,False,1376
TTP2,TTP2_tt_gf_wrapper_6_4,mcu7t5v0,aoi21_4,False,506
TTP2,TTP2_tt_gf_wrapper_6_4,mcu7t5v0,aoi221_1,False,1446
TTP2,TTP2_tt_gf_wrapper_6_4,mcu7t5v0,aoi221_2,False,298
TTP2,TTP2_tt_gf_wrapper_6_4,mcu7t5v0,aoi221_4,False,330
TTP2,TTP2_tt_gf_wrapper_6_4,mcu7t5v0,aoi222_1,False,278
TTP2,TTP2_tt_gf_wrapper_6_4,mcu7t5v0,aoi222_2,False,265
TTP2,TTP2_tt_gf_wrapper_6_4,mcu7t5v0,aoi222_4,False,54
TTP2,TTP2_tt_gf_wrapper_6_4,mcu7t5v0,aoi22_1,False,4344
TTP2,TTP2_tt_gf_wrapper_6_4,mcu7t5v0,aoi22_2,False,475
TTP2,TTP2_tt_gf_wrapper_6_4,mcu7t5v0,aoi22_4,False,110
TTP2,TTP2_tt_gf_wrapper_6_4,mcu7t5v0,buf_1,False,1027
TTP2,TTP2_tt_gf_wrapper_6_4,mcu7t5v0,buf_12,False,146
TTP2,TTP2_tt_gf_wrapper_6_4,mcu7t5v0,buf_16,False,6
TTP2,TTP2_tt_gf_wrapper_6_4,mcu7t5v0,buf_2,False,7071
TTP2,TTP2_tt_gf_wrapper_6_4,mcu7t5v0,buf_20,False,9
TTP2,TTP2_tt_gf_wrapper_6_4,mcu7t5v0,buf_3,False,263
TTP2,TTP2_tt_gf_wrapper_6_4,mcu7t5v0,buf_4,False,6477
TTP2,TTP2_tt_gf_wrapper_6_4,mcu7t5v0,buf_8,False,2604
TTP2,TTP2_tt_gf_wrapper_6_4,mcu7t5v0,bufz_1,False,409
TTP2,TTP2_tt_gf_wrapper_6_4,mcu7t5v0,bufz_12,False,1081
TTP2,TTP2_tt_gf_wrapper_6_4,mcu7t5v0,bufz_16,False,1
TTP2,TTP2_tt_gf_wrapper_6_4,mcu7t5v0,bufz_2,False,1
TTP2,TTP2_tt_gf_wrapper_6_4,mcu7t5v0,bufz_3,False,1
TTP2,TTP2_tt_gf_wrapper_6_4,mcu7t5v0,bufz_4,False,1
TTP2,TTP2_tt_gf_wrapper_6_4,mcu7t5v0,bufz_8,False,1
TTP2,TTP2_tt_gf_wrapper_6_4,mcu7t5v0,clkbuf_1,False,664
TTP2,TTP2_tt_gf_wrapper_6_4,mcu7t5v0,clkbuf_12,False,1
TTP2,TTP2_tt_gf_wrapper_6_4,mcu7t5v0,clkbuf_16,False,241
TTP2,TTP2_tt_gf_wrapper_6_4,mcu7t5v0,clkbuf_2,False,777
TTP2,TTP2_tt_gf_wrapper_6_4,mcu7t5v0,clkbuf_20,False,1
TTP2,TTP2_tt_gf_wrapper_6_4,mcu7t5v0,clkbuf_3,False,432
TTP2,TTP2_tt_gf_wrapper_6_4,mcu7t5v0,clkbuf_4,False,1095
TTP2,TTP2_tt_gf_wrapper_6_4,mcu7t5v0,clkbuf_8,False,1987
TTP2,TTP2_tt_gf_wrapper_6_4,mcu7t5v0,clkinv_1,False,4366
TTP2,TTP2_tt_gf_wrapper_6_4,mcu7t5v0,clkinv_12,False,24
TTP2,TTP2_tt_gf_wrapper_6_4,mcu7t5v0,clkinv_16,False,7
TTP2,TTP2_tt_gf_wrapper_6_4,mcu7t5v0,clkinv_2,False,373
TTP2,TTP2_tt_gf_wrapper_6_4,mcu7t5v0,clkinv_20,False,4
TTP2,TTP2_tt_gf_wrapper_6_4,mcu7t5v0,clkinv_3,False,100
TTP2,TTP2_tt_gf_wrapper_6_4,mcu7t5v0,clkinv_4,False,150
TTP2,TTP2_tt_gf_wrapper_6_4,mcu7t5v0,clkinv_8,False,141
TTP2,TTP2_tt_gf_wrapper_6_4,mcu7t5v0,dffnq_1,False,545
TTP2,TTP2_tt_gf_wrapper_6_4,mcu7t5v0,dffnq_2,False,58
TTP2,TTP2_tt_gf_wrapper_6_4,mcu7t5v0,dffnq_4,False,1600
TTP2,TTP2_tt_gf_wrapper_6_4,mcu7t5v0,dffnrnq_1,False,22
TTP2,TTP2_tt_gf_wrapper_6_4,mcu7t5v0,dffnrnq_2,False,1
TTP2,TTP2_tt_gf_wrapper_6_4,mcu7t5v0,dffnrnq_4,False,1
TTP2,TTP2_tt_gf_wrapper_6_4,mcu7t5v0,dffnrsnq_1,False,1
TTP2,TTP2_tt_gf_wrapper_6_4,mcu7t5v0,dffnrsnq_2,False,1
TTP2,TTP2_tt_gf_wrapper_6_4,mcu7t5v0,dffnrsnq_4,False,1
TTP2,TTP2_tt_gf_wrapper_6_4,mcu7t5v0,dffnsnq_1,False,14
TTP2,TTP2_tt_gf_wrapper_6_4,mcu7t5v0,dffnsnq_2,False,3
TTP2,TTP2_tt_gf_wrapper_6_4,mcu7t5v0,dffnsnq_4,False,1
TTP2,TTP2_tt_gf_wrapper_6_4,mcu7t5v0,dffq_1,False,10148
TTP2,TTP2_tt_gf_wrapper_6_4,mcu7t5v0,dffq_2,False,650
TTP2,TTP2_tt_gf_wrapper_6_4,mcu7t5v0,dffq_4,False,6262
TTP2,TTP2_tt_gf_wrapper_6_4,mcu7t5v0,dffrnq_1,False,2917
TTP2,TTP2_tt_gf_wrapper_6_4,mcu7t5v0,dffrnq_2,False,1294
TTP2,TTP2_tt_gf_wrapper_6_4,mcu7t5v0,dffrnq_4,False,46
TTP2,TTP2_tt_gf_wrapper_6_4,mcu7t5v0,dffrsnq_1,False,46
TTP2,TTP2_tt_gf_wrapper_6_4,mcu7t5v0,dffrsnq_2,False,13
TTP2,TTP2_tt_gf_wrapper_6_4,mcu7t5v0,dffrsnq_4,False,1
TTP2,TTP2_tt_gf_wrapper_6_4,mcu7t5v0,dffsnq_1,False,71
TTP2,TTP2_tt_gf_wrapper_6_4,mcu7t5v0,dffsnq_2,False,44
TTP2,TTP2_tt_gf_wrapper_6_4,mcu7t5v0,dffsnq_4,False,21
TTP2,TTP2_tt_gf_wrapper_6_4,mcu7t5v0,dlya_1,False,54
TTP2,TTP2_tt_gf_wrapper_6_4,mcu7t5v0,dlya_2,False,927
TTP2,TTP2_tt_gf_wrapper_6_4,mcu7t5v0,dlya_4,False,1
TTP2,TTP2_tt_gf_wrapper_6_4,mcu7t5v0,dlyb_1,False,739
TTP2,TTP2_tt_gf_wrapper_6_4,mcu7t5v0,dlyb_2,False,1
TTP2,TTP2_tt_gf_wrapper_6_4,mcu7t5v0,dlyb_4,False,1
TTP2,TTP2_tt_gf_wrapper_6_4,mcu7t5v0,dlyc_1,False,4
TTP2,TTP2_tt_gf_wrapper_6_4,mcu7t5v0,dlyc_2,False,1
TTP2,TTP2_tt_gf_wrapper_6_4,mcu7t5v0,dlyc_4,False,1
TTP2,TTP2_tt_gf_wrapper_6_4,mcu7t5v0,dlyd_1,False,1
TTP2,TTP2_tt_gf_wrapper_6_4,mcu7t5v0,dlyd_2,False,1
TTP2,TTP2_tt_gf_wrapper_6_4,mcu7t5v0,dlyd_4,False,1
TTP2,TTP2_tt_gf_wrapper_6_4,mcu7t5v0,endcap,True,7826
TTP2,TTP2_tt_gf_wrapper_6_4,mcu7t5v0,fill_1,True,72925
TTP2,TTP2_tt_gf_wrapper_6_4,mcu7t5v0,fill_16,True,55
TTP2,TTP2_tt_gf_wrapper_6_4,mcu7t5v0,fill_2,True,65907
TTP2,TTP2_tt_gf_wrapper_6_4,mcu7t5v0,fill_32,True,88
TTP2,TTP2_tt_gf_wrapper_6_4,mcu7t5v0,fill_4,True,149
TTP2,TTP2_tt_gf_wrapper_6_4,mcu7t5v0,fill_64,True,59
TTP2,TTP2_tt_gf_wrapper_6_4,mcu7t5v0,fill_8,True,71
TTP2,TTP2_tt_gf_wrapper_6_4,mcu7t5v0,fillcap_16,True,18593
TTP2,TTP2_tt_gf_wrapper_6_4,mcu7t5v0,fillcap_32,True,10335
TTP2,TTP2_tt_gf_wrapper_6_4,mcu7t5v0,fillcap_4,True,62964
TTP2,TTP2_tt_gf_wrapper_6_4,mcu7t5v0,fillcap_64,True,10566
TTP2,TTP2_tt_gf_wrapper_6_4,mcu7t5v0,fillcap_8,True,34874
TTP2,TTP2_tt_gf_wrapper_6_4,mcu7t5v0,filltie,True,71450
TTP2,TTP2_tt_gf_wrapper_6_4,mcu7t5v0,hold,False,1
TTP2,TTP2_tt_gf_wrapper_6_4,mcu7t5v0,icgtn_1,False,1
TTP2,TTP2_tt_gf_wrapper_6_4,mcu7t5v0,icgtn_2,False,1
TTP2,TTP2_tt_gf_wrapper_6_4,mcu7t5v0,icgtn_4,False,1
TTP2,TTP2_tt_gf_wrapper_6_4,mcu7t5v0,icgtp_1,False,1
TTP2,TTP2_tt_gf_wrapper_6_4,mcu7t5v0,icgtp_2,False,1
TTP2,TTP2_tt_gf_wrapper_6_4,mcu7t5v0,icgtp_4,False,1
TTP2,TTP2_tt_gf_wrapper_6_4,mcu7t5v0,inv_1,False,5100
TTP2,TTP2_tt_gf_wrapper_6_4,mcu7t5v0,inv_12,False,13
TTP2,TTP2_tt_gf_wrapper_6_4,mcu7t5v0,inv_16,False,3
TTP2,TTP2_tt_gf_wrapper_6_4,mcu7t5v0,inv_2,False,1392
TTP2,TTP2_tt_gf_wrapper_6_4,mcu7t5v0,inv_20,False,3
TTP2,TTP2_tt_gf_wrapper_6_4,mcu7t5v0,inv_3,False,457
TTP2,TTP2_tt_gf_wrapper_6_4,mcu7t5v0,inv_4,False,368
TTP2,TTP2_tt_gf_wrapper_6_4,mcu7t5v0,inv_8,False,146
TTP2,TTP2_tt_gf_wrapper_6_4,mcu7t5v0,invz_1,False,1
TTP2,TTP2_tt_gf_wrapper_6_4,mcu7t5v0,invz_12,False,1
TTP2,TTP2_tt_gf_wrapper_6_4,mcu7t5v0,invz_16,False,1
TTP2,TTP2_tt_gf_wrapper_6_4,mcu7t5v0,invz_2,False,1
TTP2,TTP2_tt_gf_wrapper_6_4,mcu7t5v0,invz_3,False,1
TTP2,TTP2_tt_gf_wrapper_6_4,mcu7t5v0,invz_4,False,1
TTP2,TTP2_tt_gf_wrapper_6_4,mcu7t5v0,invz_8,False,1
TTP2,TTP2_tt_gf_wrapper_6_4,mcu7t5v0,latq_1,False,373
TTP2,TTP2_tt_gf_wrapper_6_4,mcu7t5v0,latq_2,False,40
TTP2,TTP2_tt_gf_wrapper_6_4,mcu7t5v0,latq_4,False,102
TTP2,TTP2_tt_gf_wrapper_6_4,mcu7t5v0,latrnq_1,False,1
TTP2,TTP2_tt_gf_wrapper_6_4,mcu7t5v0,latrnq_2,False,1
TTP2,TTP2_tt_gf_wrapper_6_4,mcu7t5v0,latrnq_4,False,1
TTP2,TTP2_tt_gf_wrapper_6_4,mcu7t5v0,latrsnq_1,False,1
TTP2,TTP2_tt_gf_wrapper_6_4,mcu7t5v0,latrsnq_2,False,1
TTP2,TTP2_tt_gf_wrapper_6_4,mcu7t5v0,latrsnq_4,False,1
TTP2,TTP2_tt_gf_wrapper_6_4,mcu7t5v0,latsnq_1,False,1
TTP2,TTP2_tt_gf_wrapper_6_4,mcu7t5v0,latsnq_2,False,1
TTP2,TTP2_tt_gf_wrapper_6_4,mcu7t5v0,latsnq_4,False,1
TTP2,TTP2_tt_gf_wrapper_6_4,mcu7t5v0,mux2_1,False,1
TTP2,TTP2_tt_gf_wrapper_6_4,mcu7t5v0,mux2_2,False,5989
TTP2,TTP2_tt_gf_wrapper_6_4,mcu7t5v0,mux2_4,False,28
TTP2,TTP2_tt_gf_wrapper_6_4,mcu7t5v0,mux4_1,False,591
TTP2,TTP2_tt_gf_wrapper_6_4,mcu7t5v0,mux4_2,False,786
TTP2,TTP2_tt_gf_wrapper_6_4,mcu7t5v0,mux4_4,False,65
TTP2,TTP2_tt_gf_wrapper_6_4,mcu7t5v0,nand2_1,False,23816
TTP2,TTP2_tt_gf_wrapper_6_4,mcu7t5v0,nand2_2,False,2268
TTP2,TTP2_tt_gf_wrapper_6_4,mcu7t5v0,nand2_4,False,930
TTP2,TTP2_tt_gf_wrapper_6_4,mcu7t5v0,nand3_1,False,3491
TTP2,TTP2_tt_gf_wrapper_6_4,mcu7t5v0,nand3_2,False,747
TTP2,TTP2_tt_gf_wrapper_6_4,mcu7t5v0,nand3_4,False,365
TTP2,TTP2_tt_gf_wrapper_6_4,mcu7t5v0,nand4_1,False,749
TTP2,TTP2_tt_gf_wrapper_6_4,mcu7t5v0,nand4_2,False,387
TTP2,TTP2_tt_gf_wrapper_6_4,mcu7t5v0,nand4_4,False,317
TTP2,TTP2_tt_gf_wrapper_6_4,mcu7t5v0,nor2_1,False,13207
TTP2,TTP2_tt_gf_wrapper_6_4,mcu7t5v0,nor2_2,False,1819
TTP2,TTP2_tt_gf_wrapper_6_4,mcu7t5v0,nor2_4,False,1110
TTP2,TTP2_tt_gf_wrapper_6_4,mcu7t5v0,nor3_1,False,2107
TTP2,TTP2_tt_gf_wrapper_6_4,mcu7t5v0,nor3_2,False,624
TTP2,TTP2_tt_gf_wrapper_6_4,mcu7t5v0,nor3_4,False,493
TTP2,TTP2_tt_gf_wrapper_6_4,mcu7t5v0,nor4_1,False,410
TTP2,TTP2_tt_gf_wrapper_6_4,mcu7t5v0,nor4_2,False,337
TTP2,TTP2_tt_gf_wrapper_6_4,mcu7t5v0,nor4_4,False,391
TTP2,TTP2_tt_gf_wrapper_6_4,mcu7t5v0,oai211_1,False,3575
TTP2,TTP2_tt_gf_wrapper_6_4,mcu7t5v0,oai211_2,False,385
TTP2,TTP2_tt_gf_wrapper_6_4,mcu7t5v0,oai211_4,False,234
TTP2,TTP2_tt_gf_wrapper_6_4,mcu7t5v0,oai21_1,False,14103
TTP2,TTP2_tt_gf_wrapper_6_4,mcu7t5v0,oai21_2,False,877
TTP2,TTP2_tt_gf_wrapper_6_4,mcu7t5v0,oai21_4,False,408
TTP2,TTP2_tt_gf_wrapper_6_4,mcu7t5v0,oai221_1,False,784
TTP2,TTP2_tt_gf_wrapper_6_4,mcu7t5v0,oai221_2,False,134
TTP2,TTP2_tt_gf_wrapper_6_4,mcu7t5v0,oai221_4,False,107
TTP2,TTP2_tt_gf_wrapper_6_4,mcu7t5v0,oai222_1,False,48
TTP2,TTP2_tt_gf_wrapper_6_4,mcu7t5v0,oai222_2,False,81
TTP2,TTP2_tt_gf_wrapper_6_4,mcu7t5v0,oai222_4,False,63
TTP2,TTP2_tt_gf_wrapper_6_4,mcu7t5v0,oai22_1,False,1645
TTP2,TTP2_tt_gf_wrapper_6_4,mcu7t5v0,oai22_2,False,250
TTP2,TTP2_tt_gf_wrapper_6_4,mcu7t5v0,oai22_4,False,121
TTP2,TTP2_tt_gf_wrapper_6_4,mcu7t5v0,oai31_1,False,998
TTP2,TTP2_tt_gf_wrapper_6_4,mcu7t5v0,oai31_2,False,321
TTP2,TTP2_tt_gf_wrapper_6_4,mcu7t5v0,oai31_4,False,162
TTP2,TTP2_tt_gf_wrapper_6_4,mcu7t5v0,oai32_1,False,435
TTP2,TTP2_tt_gf_wrapper_6_4,mcu7t5v0,oai32_2,False,50
TTP2,TTP2_tt_gf_wrapper_6_4,mcu7t5v0,oai32_4,False,137
TTP2,TTP2_tt_gf_wrapper_6_4,mcu7t5v0,oai33_1,False,18
TTP2,TTP2_tt_gf_wrapper_6_4,mcu7t5v0,oai33_2,False,1
TTP2,TTP2_tt_gf_wrapper_6_4,mcu7t5v0,oai33_4,False,29
TTP2,TTP2_tt_gf_wrapper_6_4,mcu7t5v0,or2_1,False,2466
TTP2,TTP2_tt_gf_wrapper_6_4,mcu7t5v0,or2_2,False,529
TTP2,TTP2_tt_gf_wrapper_6_4,mcu7t5v0,or2_4,False,415
TTP2,TTP2_tt_gf_wrapper_6_4,mcu7t5v0,or3_1,False,428
TTP2,TTP2_tt_gf_wrapper_6_4,mcu7t5v0,or3_2,False,123
TTP2,TTP2_tt_gf_wrapper_6_4,mcu7t5v0,or3_4,False,156
TTP2,TTP2_tt_gf_wrapper_6_4,mcu7t5v0,or4_1,False,158
TTP2,TTP2_tt_gf_wrapper_6_4,mcu7t5v0,or4_2,False,78
TTP2,TTP2_tt_gf_wrapper_6_4,mcu7t5v0,or4_4,False,120
TTP2,TTP2_tt_gf_wrapper_6_4,mcu7t5v0,sdffq_1,False,1
TTP2,TTP2_tt_gf_wrapper_6_4,mcu7t5v0,sdffq_2,False,1
TTP2,TTP2_tt_gf_wrapper_6_4,mcu7t5v0,sdffq_4,False,1
TTP2,TTP2_tt_gf_wrapper_6_4,mcu7t5v0,sdffrnq_1,False,1
TTP2,TTP2_tt_gf_wrapper_6_4,mcu7t5v0,sdffrnq_2,False,1
TTP2,TTP2_tt_gf_wrapper_6_4,mcu7t5v0,sdffrnq_4,False,1
TTP2,TTP2_tt_gf_wrapper_6_4,mcu7t5v0,sdffrsnq_1,False,1
TTP2,TTP2_tt_gf_wrapper_6_4,mcu7t5v0,sdffrsnq_2,False,1
TTP2,TTP2_tt_gf_wrapper_6_4,mcu7t5v0,sdffrsnq_4,False,1
TTP2,TTP2_tt_gf_wrapper_6_4,mcu7t5v0,sdffsnq_1,False,1
TTP2,TTP2_tt_gf_wrapper_6_4,mcu7t5v0,sdffsnq_2,False,1
TTP2,TTP2_tt_gf_wrapper_6_4,mcu7t5v0,sdffsnq_4,False,1
TTP2,TTP2_tt_gf_wrapper_6_4,mcu7t5v0,tieh,True,117
TTP2,TTP2_tt_gf_wrapper_6_4,mcu7t5v0,tiel,True,843
TTP2,TTP2_tt_gf_wrapper_6_4,mcu7t5v0,xnor2_1,False,2500
TTP2,TTP2_tt_gf_wrapper_6_4,mcu7t5v0,xnor2_2,False,182
TTP2,TTP2_tt_gf_wrapper_6_4,mcu7t5v0,xnor2_4,False,3
TTP2,TTP2_tt_gf_wrapper_6_4,mcu7t5v0,xnor3_1,False,449
TTP2,TTP2_tt_gf_wrapper_6_4,mcu7t5v0,xnor3_2,False,46
TTP2,TTP2_tt_gf_wrapper_6_4,mcu7t5v0,xnor3_4,False,1
TTP2,TTP2_tt_gf_wrapper_6_4,mcu7t5v0,xor2_1,False,7614
TTP2,TTP2_tt_gf_wrapper_6_4,mcu7t5v0,xor2_2,False,831
TTP2,TTP2_tt_gf_wrapper_6_4,mcu7t5v0,xor2_4,False,30
TTP2,TTP2_tt_gf_wrapper_6_4,mcu7t5v0,xor3_1,False,1467
TTP2,TTP2_tt_gf_wrapper_6_4,mcu7t5v0,xor3_2,False,118
TTP2,TTP2_tt_gf_wrapper_6_4,mcu7t5v0,xor3_4,False,6
TTP2,TTP2_tt_gf_wrapper_6_4,mcu9t5v0,and2_1,False,107
TTP2,TTP2_tt_gf_wrapper_6_4,mcu9t5v0,and3_1,False,27
TTP2,TTP2_tt_gf_wrapper_6_4,mcu9t5v0,and4_1,False,8
TTP2,TTP2_tt_gf_wrapper_6_4,mcu9t5v0,aoi211_1,False,26
TTP2,TTP2_tt_gf_wrapper_6_4,mcu9t5v0,aoi211_2,False,2
TTP2,TTP2_tt_gf_wrapper_6_4,mcu9t5v0,aoi21_1,False,208
TTP2,TTP2_tt_gf_wrapper_6_4,mcu9t5v0,aoi21_2,False,16
TTP2,TTP2_tt_gf_wrapper_6_4,mcu9t5v0,aoi21_4,False,1
TTP2,TTP2_tt_gf_wrapper_6_4,mcu9t5v0,aoi221_1,False,30
TTP2,TTP2_tt_gf_wrapper_6_4,mcu9t5v0,aoi221_2,False,1
TTP2,TTP2_tt_gf_wrapper_6_4,mcu9t5v0,aoi221_4,False,1
TTP2,TTP2_tt_gf_wrapper_6_4,mcu9t5v0,aoi22_1,False,76
TTP2,TTP2_tt_gf_wrapper_6_4,mcu9t5v0,aoi22_2,False,5
TTP2,TTP2_tt_gf_wrapper_6_4,mcu9t5v0,buf_1,False,16
TTP2,TTP2_tt_gf_wrapper_6_4,mcu9t5v0,buf_2,False,58
TTP2,TTP2_tt_gf_wrapper_6_4,mcu9t5v0,buf_3,False,16
TTP2,TTP2_tt_gf_wrapper_6_4,mcu9t5v0,buf_4,False,2
TTP2,TTP2_tt_gf_wrapper_6_4,mcu9t5v0,clkbuf_1,False,5
TTP2,TTP2_tt_gf_wrapper_6_4,mcu9t5v0,clkbuf_16,False,5
TTP2,TTP2_tt_gf_wrapper_6_4,mcu9t5v0,clkbuf_2,False,17
TTP2,TTP2_tt_gf_wrapper_6_4,mcu9t5v0,clkbuf_3,False,47
TTP2,TTP2_tt_gf_wrapper_6_4,mcu9t5v0,clkbuf_4,False,8
TTP2,TTP2_tt_gf_wrapper_6_4,mcu9t5v0,clkbuf_8,False,45
TTP2,TTP2_tt_gf_wrapper_6_4,mcu9t5v0,clkinv_1,False,179
TTP2,TTP2_tt_gf_wrapper_6_4,mcu9t5v0,clkinv_2,False,18
TTP2,TTP2_tt_gf_wrapper_6_4,mcu9t5v0,clkinv_3,False,4
TTP2,TTP2_tt_gf_wrapper_6_4,mcu9t5v0,clkinv_4,False,2
TTP2,TTP2_tt_gf_wrapper_6_4,mcu9t5v0,clkinv_8,False,12
TTP2,TTP2_tt_gf_wrapper_6_4,mcu9t5v0,dffq_1,False,136
TTP2,TTP2_tt_gf_wrapper_6_4,mcu9t5v0,dffq_2,False,67
TTP2,TTP2_tt_gf_wrapper_6_4,mcu9t5v0,dffq_4,False,1
TTP2,TTP2_tt_gf_wrapper_6_4,mcu9t5v0,dlyb_1,False,9
TTP2,TTP2_tt_gf_wrapper_6_4,mcu9t5v0,dlyc_1,False,2
TTP2,TTP2_tt_gf_wrapper_6_4,mcu9t5v0,endcap,True,124
TTP2,TTP2_tt_gf_wrapper_6_4,mcu9t5v0,fill_1,True,1203
TTP2,TTP2_tt_gf_wrapper_6_4,mcu9t5v0,fill_2,True,1064
TTP2,TTP2_tt_gf_wrapper_6_4,mcu9t5v0,fillcap_16,True,330
TTP2,TTP2_tt_gf_wrapper_6_4,mcu9t5v0,fillcap_32,True,143
TTP2,TTP2_tt_gf_wrapper_6_4,mcu9t5v0,fillcap_4,True,1134
TTP2,TTP2_tt_gf_wrapper_6_4,mcu9t5v0,fillcap_64,True,245
TTP2,TTP2_tt_gf_wrapper_6_4,mcu9t5v0,fillcap_8,True,615
TTP2,TTP2_tt_gf_wrapper_6_4,mcu9t5v0,filltie,True,1122
TTP2,TTP2_tt_gf_wrapper_6_4,mcu9t5v0,inv_1,False,14
TTP2,TTP2_tt_gf_wrapper_6_4,mcu9t5v0,inv_2,False,4
TTP2,TTP2_tt_gf_wrapper_6_4,mcu9t5v0,inv_20,False,2
TTP2,TTP2_tt_gf_wrapper_6_4,mcu9t5v0,inv_3,False,3
TTP2,TTP2_tt_gf_wrapper_6_4,mcu9t5v0,inv_4,False,24
TTP2,TTP2_tt_gf_wrapper_6_4,mcu9t5v0,mux2_1,False,22
TTP2,TTP2_tt_gf_wrapper_6_4,mcu9t5v0,nand2_1,False,694
TTP2,TTP2_tt_gf_wrapper_6_4,mcu9t5v0,nand2_2,False,22
TTP2,TTP2_tt_gf_wrapper_6_4,mcu9t5v0,nand2_4,False,3
TTP2,TTP2_tt_gf_wrapper_6_4,mcu9t5v0,nand3_1,False,100
TTP2,TTP2_tt_gf_wrapper_6_4,mcu9t5v0,nand3_2,False,10
TTP2,TTP2_tt_gf_wrapper_6_4,mcu9t5v0,nand3_4,False,4
TTP2,TTP2_tt_gf_wrapper_6_4,mcu9t5v0,nand4_1,False,14
TTP2,TTP2_tt_gf_wrapper_6_4,mcu9t5v0,nand4_2,False,8
TTP2,TTP2_tt_gf_wrapper_6_4,mcu9t5v0,nor2_1,False,321
TTP2,TTP2_tt_gf_wrapper_6_4,mcu9t5v0,nor2_2,False,16
TTP2,TTP2_tt_gf_wrapper_6_4,mcu9t5v0,nor2_4,False,4
TTP2,TTP2_tt_gf_wrapper_6_4,mcu9t5v0,nor3_1,False,56
TTP2,TTP2_tt_gf_wrapper_6_4,mcu9t5v0,nor3_2,False,6
TTP2,TTP2_tt_gf_wrapper_6_4,mcu9t5v0,nor3_4,False,2
TTP2,TTP2_tt_gf_wrapper_6_4,mcu9t5v0,nor4_1,False,9
TTP2,TTP2_tt_gf_wrapper_6_4,mcu9t5v0,nor4_2,False,7
TTP2,TTP2_tt_gf_wrapper_6_4,mcu9t5v0,nor4_4,False,3
TTP2,TTP2_tt_gf_wrapper_6_4,mcu9t5v0,oai211_1,False,51
TTP2,TTP2_tt_gf_wrapper_6_4,mcu9t5v0,oai211_2,False,1
TTP2,TTP2_tt_gf_wrapper_6_4,mcu9t5v0,oai21_1,False,211
TTP2,TTP2_tt_gf_wrapper_6_4,mcu9t5v0,oai21_2,False,6
TTP2,TTP2_tt_gf_wrapper_6_4,mcu9t5v0,oai221_1,False,10
TTP2,TTP2_tt_gf_wrapper_6_4,mcu9t5v0,oai221_2,False,3
TTP2,TTP2_tt_gf_wrapper_6_4,mcu9t5v0,oai222_1,False,2
TTP2,TTP2_tt_gf_wrapper_6_4,mcu9t5v0,oai22_1,False,78
TTP2,TTP2_tt_gf_wrapper_6_4,mcu9t5v0,oai22_2,False,1
TTP2,TTP2_tt_gf_wrapper_6_4,mcu9t5v0,oai31_1,False,24
TTP2,TTP2_tt_gf_wrapper_6_4,mcu9t5v0,oai31_2,False,1
TTP2,TTP2_tt_gf_wrapper_6_4,mcu9t5v0,oai32_1,False,11
TTP2,TTP2_tt_gf_wrapper_6_4,mcu9t5v0,oai33_1,False,4
TTP2,TTP2_tt_gf_wrapper_6_4,mcu9t5v0,or2_1,False,51
TTP2,TTP2_tt_gf_wrapper_6_4,mcu9t5v0,or2_2,False,3
TTP2,TTP2_tt_gf_wrapper_6_4,mcu9t5v0,or3_1,False,6
TTP2,TTP2_tt_gf_wrapper_6_4,mcu9t5v0,or3_2,False,2
TTP2,TTP2_tt_gf_wrapper_6_4,mcu9t5v0,or4_1,False,1
TTP2,TTP2_tt_gf_wrapper_6_4,mcu9t5v0,or4_2,False,1
TTP2,TTP2_tt_gf_wrapper_6_4,mcu9t5v0,tieh,True,8
TTP2,TTP2_tt_gf_wrapper_6_4,mcu9t5v0,xnor2_1,False,310
TTP2,TTP2_tt_gf_wrapper_6_4,mcu9t5v0,xnor2_2,False,9
TTP2,TTP2_tt_gf_wrapper_6_4,mcu9t5v0,xnor3_1,False,115
TTP2,TTP2_tt_gf_wrapper_6_4,mcu9t5v0,xnor3_2,False,1
TTP2,TTP2_tt_gf_wrapper_6_4,mcu9t5v0,xor2_1,False,196
TTP2,TTP2_tt_gf_wrapper_6_4,mcu9t5v0,xor2_2,False,3
TTP2,TTP2_tt_gf_wrapper_6_4,mcu9t5v0,xor2_4,False,1
TTP2,TTP2_tt_gf_wrapper_6_4,mcu9t5v0,xor3_1,False,18
GD03,GD03_chip_top_6_6,mcu7t5v0,and2_1,False,1170
GD03,GD03_chip_top_6_6,mcu7t5v0,and2_2,False,5
GD03,GD03_chip_top_6_6,mcu7t5v0,and3_1,False,285
GD03,GD03_chip_top_6_6,mcu7t5v0,and3_2,False,5
GD03,GD03_chip_top_6_6,mcu7t5v0,and3_4,False,1
GD03,GD03_chip_top_6_6,mcu7t5v0,and4_1,False,80
GD03,GD03_chip_top_6_6,mcu7t5v0,and4_4,False,2
GD03,GD03_chip_top_6_6,mcu7t5v0,antenna,True,630
GD03,GD03_chip_top_6_6,mcu7t5v0,aoi211_1,False,1590
GD03,GD03_chip_top_6_6,mcu7t5v0,aoi211_2,False,14
GD03,GD03_chip_top_6_6,mcu7t5v0,aoi211_4,False,7
GD03,GD03_chip_top_6_6,mcu7t5v0,aoi21_1,False,4951
GD03,GD03_chip_top_6_6,mcu7t5v0,aoi21_2,False,48
GD03,GD03_chip_top_6_6,mcu7t5v0,aoi21_4,False,14
GD03,GD03_chip_top_6_6,mcu7t5v0,aoi221_1,False,1463
GD03,GD03_chip_top_6_6,mcu7t5v0,aoi221_2,False,11
GD03,GD03_chip_top_6_6,mcu7t5v0,aoi221_4,False,1
GD03,GD03_chip_top_6_6,mcu7t5v0,aoi222_1,False,394
GD03,GD03_chip_top_6_6,mcu7t5v0,aoi222_2,False,3
GD03,GD03_chip_top_6_6,mcu7t5v0,aoi22_1,False,2370
GD03,GD03_chip_top_6_6,mcu7t5v0,aoi22_2,False,35
GD03,GD03_chip_top_6_6,mcu7t5v0,aoi22_4,False,2
GD03,GD03_chip_top_6_6,mcu7t5v0,buf_1,False,2302
GD03,GD03_chip_top_6_6,mcu7t5v0,buf_12,False,363
GD03,GD03_chip_top_6_6,mcu7t5v0,buf_2,False,2545
GD03,GD03_chip_top_6_6,mcu7t5v0,buf_3,False,260
GD03,GD03_chip_top_6_6,mcu7t5v0,buf_4,False,3797
GD03,GD03_chip_top_6_6,mcu7t5v0,buf_8,False,1883
GD03,GD03_chip_top_6_6,mcu7t5v0,clkbuf_1,False,279
GD03,GD03_chip_top_6_6,mcu7t5v0,clkbuf_12,False,39
GD03,GD03_chip_top_6_6,mcu7t5v0,clkbuf_16,False,68
GD03,GD03_chip_top_6_6,mcu7t5v0,clkbuf_2,False,401
GD03,GD03_chip_top_6_6,mcu7t5v0,clkbuf_3,False,162
GD03,GD03_chip_top_6_6,mcu7t5v0,clkbuf_4,False,98
GD03,GD03_chip_top_6_6,mcu7t5v0,clkbuf_8,False,1686
GD03,GD03_chip_top_6_6,mcu7t5v0,clkinv_1,False,3624
GD03,GD03_chip_top_6_6,mcu7t5v0,clkinv_12,False,13
GD03,GD03_chip_top_6_6,mcu7t5v0,clkinv_16,False,1
GD03,GD03_chip_top_6_6,mcu7t5v0,clkinv_2,False,81
GD03,GD03_chip_top_6_6,mcu7t5v0,clkinv_20,False,4
GD03,GD03_chip_top_6_6,mcu7t5v0,clkinv_3,False,19
GD03,GD03_chip_top_6_6,mcu7t5v0,clkinv_4,False,45
GD03,GD03_chip_top_6_6,mcu7t5v0,clkinv_8,False,41
GD03,GD03_chip_top_6_6,mcu7t5v0,dffq_1,False,5201
GD03,GD03_chip_top_6_6,mcu7t5v0,dffq_2,False,45
GD03,GD03_chip_top_6_6,mcu7t5v0,dffrnq_1,False,2299
GD03,GD03_chip_top_6_6,mcu7t5v0,dffrnq_2,False,32
GD03,GD03_chip_top_6_6,mcu7t5v0,dffsnq_1,False,140
GD03,GD03_chip_top_6_6,mcu7t5v0,dffsnq_2,False,12
GD03,GD03_chip_top_6_6,mcu7t5v0,dlya_1,False,3
GD03,GD03_chip_top_6_6,mcu7t5v0,dlyb_1,False,3712
GD03,GD03_chip_top_6_6,mcu7t5v0,dlyc_1,False,3343
GD03,GD03_chip_top_6_6,mcu7t5v0,endcap,True,5184
GD03,GD03_chip_top_6_6,mcu7t5v0,fill_1,True,35077
GD03,GD03_chip_top_6_6,mcu7t5v0,fill_2,True,33969
GD03,GD03_chip_top_6_6,mcu7t5v0,fillcap_16,True,14621
GD03,GD03_chip_top_6_6,mcu7t5v0,fillcap_32,True,10346
GD03,GD03_chip_top_6_6,mcu7t5v0,fillcap_4,True,48204
GD03,GD03_chip_top_6_6,mcu7t5v0,fillcap_64,True,20745
GD03,GD03_chip_top_6_6,mcu7t5v0,fillcap_8,True,22015
GD03,GD03_chip_top_6_6,mcu7t5v0,filltie,True,50936
GD03,GD03_chip_top_6_6,mcu7t5v0,inv_1,False,239
GD03,GD03_chip_top_6_6,mcu7t5v0,inv_2,False,117
GD03,GD03_chip_top_6_6,mcu7t5v0,inv_20,False,8
GD03,GD03_chip_top_6_6,mcu7t5v0,inv_3,False,79
GD03,GD03_chip_top_6_6,mcu7t5v0,inv_4,False,102
GD03,GD03_chip_top_6_6,mcu7t5v0,inv_8,False,4
GD03,GD03_chip_top_6_6,mcu7t5v0,mux2_2,False,3133
GD03,GD03_chip_top_6_6,mcu7t5v0,mux4_1,False,66
GD03,GD03_chip_top_6_6,mcu7t5v0,nand2_1,False,9575
GD03,GD03_chip_top_6_6,mcu7t5v0,nand2_2,False,23
GD03,GD03_chip_top_6_6,mcu7t5v0,nand2_4,False,6
GD03,GD03_chip_top_6_6,mcu7t5v0,nand3_1,False,1933
GD03,GD03_chip_top_6_6,mcu7t5v0,nand3_2,False,6
GD03,GD03_chip_top_6_6,mcu7t5v0,nand3_4,False,15
GD03,GD03_chip_top_6_6,mcu7t5v0,nand4_1,False,358
GD03,GD03_chip_top_6_6,mcu7t5v0,nand4_2,False,4
GD03,GD03_chip_top_6_6,mcu7t5v0,nand4_4,False,9
GD03,GD03_chip_top_6_6,mcu7t5v0,nor2_1,False,4822
GD03,GD03_chip_top_6_6,mcu7t5v0,nor2_2,False,42
GD03,GD03_chip_top_6_6,mcu7t5v0,nor2_4,False,6
GD03,GD03_chip_top_6_6,mcu7t5v0,nor3_1,False,773
GD03,GD03_chip_top_6_6,mcu7t5v0,nor3_2,False,28
GD03,GD03_chip_top_6_6,mcu7t5v0,nor3_4,False,3
GD03,GD03_chip_top_6_6,mcu7t5v0,nor4_1,False,192
GD03,GD03_chip_top_6_6,mcu7t5v0,nor4_2,False,20
GD03,GD03_chip_top_6_6,mcu7t5v0,nor4_4,False,1
GD03,GD03_chip_top_6_6,mcu7t5v0,oai211_1,False,3288
GD03,GD03_chip_top_6_6,mcu7t5v0,oai211_2,False,5
GD03,GD03_chip_top_6_6,mcu7t5v0,oai211_4,False,4
GD03,GD03_chip_top_6_6,mcu7t5v0,oai21_1,False,4909
GD03,GD03_chip_top_6_6,mcu7t5v0,oai21_2,False,47
GD03,GD03_chip_top_6_6,mcu7t5v0,oai21_4,False,13
GD03,GD03_chip_top_6_6,mcu7t5v0,oai221_1,False,639
GD03,GD03_chip_top_6_6,mcu7t5v0,oai221_2,False,3
GD03,GD03_chip_top_6_6,mcu7t5v0,oai222_1,False,123
GD03,GD03_chip_top_6_6,mcu7t5v0,oai22_1,False,475
GD03,GD03_chip_top_6_6,mcu7t5v0,oai22_2,False,5
GD03,GD03_chip_top_6_6,mcu7t5v0,oai31_1,False,672
GD03,GD03_chip_top_6_6,mcu7t5v0,oai31_2,False,35
GD03,GD03_chip_top_6_6,mcu7t5v0,oai31_4,False,15
GD03,GD03_chip_top_6_6,mcu7t5v0,oai32_1,False,119
GD03,GD03_chip_top_6_6,mcu7t5v0,oai32_4,False,1
GD03,GD03_chip_top_6_6,mcu7t5v0,oai33_1,False,6
GD03,GD03_chip_top_6_6,mcu7t5v0,or2_1,False,601
GD03,GD03_chip_top_6_6,mcu7t5v0,or2_2,False,8
GD03,GD03_chip_top_6_6,mcu7t5v0,or3_1,False,157
GD03,GD03_chip_top_6_6,mcu7t5v0,or4_1,False,64
GD03,GD03_chip_top_6_6,mcu7t5v0,tiel,True,5
GD03,GD03_chip_top_6_6,mcu7t5v0,xnor2_1,False,155
GD03,GD03_chip_top_6_6,mcu7t5v0,xnor3_1,False,2
GD03,GD03_chip_top_6_6,mcu7t5v0,xor2_1,False,332
GD03,GD03_chip_top_6_6,mcu7t5v0,xor3_1,False,17
GD04,GD04_chip_top_6_8,mcu9t5v0,and2_1,False,137
GD04,GD04_chip_top_6_8,mcu9t5v0,and2_2,False,33
GD04,GD04_chip_top_6_8,mcu9t5v0,and2_4,False,43
GD04,GD04_chip_top_6_8,mcu9t5v0,and3_1,False,9
GD04,GD04_chip_top_6_8,mcu9t5v0,and3_2,False,1
GD04,GD04_chip_top_6_8,mcu9t5v0,and3_4,False,13
GD04,GD04_chip_top_6_8,mcu9t5v0,and4_1,False,24
GD04,GD04_chip_top_6_8,mcu9t5v0,and4_2,False,7
GD04,GD04_chip_top_6_8,mcu9t5v0,antenna,True,39030
GD04,GD04_chip_top_6_8,mcu9t5v0,aoi211_1,False,34
GD04,GD04_chip_top_6_8,mcu9t5v0,aoi211_2,False,11
GD04,GD04_chip_top_6_8,mcu9t5v0,aoi211_4,False,13
GD04,GD04_chip_top_6_8,mcu9t5v0,aoi21_1,False,990
GD04,GD04_chip_top_6_8,mcu9t5v0,aoi21_2,False,201
GD04,GD04_chip_top_6_8,mcu9t5v0,aoi21_4,False,189
GD04,GD04_chip_top_6_8,mcu9t5v0,aoi221_1,False,248
GD04,GD04_chip_top_6_8,mcu9t5v0,aoi221_2,False,11
GD04,GD04_chip_top_6_8,mcu9t5v0,aoi22_1,False,396
GD04,GD04_chip_top_6_8,mcu9t5v0,aoi22_2,False,159
GD04,GD04_chip_top_6_8,mcu9t5v0,aoi22_4,False,27
GD04,GD04_chip_top_6_8,mcu9t5v0,buf_1,False,455
GD04,GD04_chip_top_6_8,mcu9t5v0,buf_2,False,274
GD04,GD04_chip_top_6_8,mcu9t5v0,buf_3,False,35
GD04,GD04_chip_top_6_8,mcu9t5v0,buf_4,False,937
GD04,GD04_chip_top_6_8,mcu9t5v0,buf_8,False,46
GD04,GD04_chip_top_6_8,mcu9t5v0,clkbuf_1,False,2
GD04,GD04_chip_top_6_8,mcu9t5v0,clkbuf_12,False,5
GD04,GD04_chip_top_6_8,mcu9t5v0,clkbuf_16,False,37
GD04,GD04_chip_top_6_8,mcu9t5v0,clkbuf_2,False,72
GD04,GD04_chip_top_6_8,mcu9t5v0,clkbuf_3,False,41
GD04,GD04_chip_top_6_8,mcu9t5v0,clkbuf_4,False,362
GD04,GD04_chip_top_6_8,mcu9t5v0,clkbuf_8,False,1129
GD04,GD04_chip_top_6_8,mcu9t5v0,clkinv_1,False,2456
GD04,GD04_chip_top_6_8,mcu9t5v0,clkinv_12,False,25
GD04,GD04_chip_top_6_8,mcu9t5v0,clkinv_16,False,7
GD04,GD04_chip_top_6_8,mcu9t5v0,clkinv_2,False,82
GD04,GD04_chip_top_6_8,mcu9t5v0,clkinv_3,False,11
GD04,GD04_chip_top_6_8,mcu9t5v0,clkinv_4,False,14
GD04,GD04_chip_top_6_8,mcu9t5v0,clkinv_8,False,36
GD04,GD04_chip_top_6_8,mcu9t5v0,dlya_1,False,2
GD04,GD04_chip_top_6_8,mcu9t5v0,dlyc_1,False,25
GD04,GD04_chip_top_6_8,mcu9t5v0,dlyd_1,False,2774
GD04,GD04_chip_top_6_8,mcu9t5v0,endcap,True,1724
GD04,GD04_chip_top_6_8,mcu9t5v0,fill_1,True,13142
GD04,GD04_chip_top_6_8,mcu9t5v0,fill_2,True,4683
GD04,GD04_chip_top_6_8,mcu9t5v0,fillcap_16,True,2272
GD04,GD04_chip_top_6_8,mcu9t5v0,fillcap_32,True,1830
GD04,GD04_chip_top_6_8,mcu9t5v0,fillcap_4,True,11438
GD04,GD04_chip_top_6_8,mcu9t5v0,fillcap_64,True,7708
GD04,GD04_chip_top_6_8,mcu9t5v0,fillcap_8,True,3006
GD04,GD04_chip_top_6_8,mcu9t5v0,filltie,True,18815
GD04,GD04_chip_top_6_8,mcu9t5v0,inv_1,False,397
GD04,GD04_chip_top_6_8,mcu9t5v0,inv_12,False,17
GD04,GD04_chip_top_6_8,mcu9t5v0,inv_16,False,16
GD04,GD04_chip_top_6_8,mcu9t5v0,inv_2,False,299
GD04,GD04_chip_top_6_8,mcu9t5v0,inv_20,False,36
GD04,GD04_chip_top_6_8,mcu9t5v0,inv_3,False,200
GD04,GD04_chip_top_6_8,mcu9t5v0,inv_4,False,146
GD04,GD04_chip_top_6_8,mcu9t5v0,inv_8,False,129
GD04,GD04_chip_top_6_8,mcu9t5v0,mux2_1,False,452
GD04,GD04_chip_top_6_8,mcu9t5v0,mux2_2,False,366
GD04,GD04_chip_top_6_8,mcu9t5v0,mux2_4,False,32
GD04,GD04_chip_top_6_8,mcu9t5v0,nand2_1,False,7375
GD04,GD04_chip_top_6_8,mcu9t5v0,nand2_2,False,1105
GD04,GD04_chip_top_6_8,mcu9t5v0,nand2_4,False,840
GD04,GD04_chip_top_6_8,mcu9t5v0,nand3_1,False,1346
GD04,GD04_chip_top_6_8,mcu9t5v0,nand3_2,False,148
GD04,GD04_chip_top_6_8,mcu9t5v0,nand3_4,False,119
GD04,GD04_chip_top_6_8,mcu9t5v0,nand4_1,False,281
GD04,GD04_chip_top_6_8,mcu9t5v0,nand4_2,False,40
GD04,GD04_chip_top_6_8,mcu9t5v0,nand4_4,False,23
GD04,GD04_chip_top_6_8,mcu9t5v0,nor2_1,False,957
GD04,GD04_chip_top_6_8,mcu9t5v0,nor2_2,False,377
GD04,GD04_chip_top_6_8,mcu9t5v0,nor2_4,False,327
GD04,GD04_chip_top_6_8,mcu9t5v0,nor3_1,False,93
GD04,GD04_chip_top_6_8,mcu9t5v0,nor3_2,False,34
GD04,GD04_chip_top_6_8,mcu9t5v0,nor3_4,False,77
GD04,GD04_chip_top_6_8,mcu9t5v0,nor4_1,False,25
GD04,GD04_chip_top_6_8,mcu9t5v0,nor4_2,False,2
GD04,GD04_chip_top_6_8,mcu9t5v0,nor4_4,False,4
GD04,GD04_chip_top_6_8,mcu9t5v0,oai211_1,False,279
GD04,GD04_chip_top_6_8,mcu9t5v0,oai211_2,False,33
GD04,GD04_chip_top_6_8,mcu9t5v0,oai211_4,False,6
GD04,GD04_chip_top_6_8,mcu9t5v0,oai21_1,False,2556
GD04,GD04_chip_top_6_8,mcu9t5v0,oai21_2,False,1369
GD04,GD04_chip_top_6_8,mcu9t5v0,oai21_4,False,185
GD04,GD04_chip_top_6_8,mcu9t5v0,oai221_1,False,149
GD04,GD04_chip_top_6_8,mcu9t5v0,oai221_2,False,7
GD04,GD04_chip_top_6_8,mcu9t5v0,oai22_1,False,187
GD04,GD04_chip_top_6_8,mcu9t5v0,oai22_2,False,205
GD04,GD04_chip_top_6_8,mcu9t5v0,oai22_4,False,7
GD04,GD04_chip_top_6_8,mcu9t5v0,oai31_1,False,38
GD04,GD04_chip_top_6_8,mcu9t5v0,oai31_2,False,16
GD04,GD04_chip_top_6_8,mcu9t5v0,oai31_4,False,21
GD04,GD04_chip_top_6_8,mcu9t5v0,oai32_2,False,1
GD04,GD04_chip_top_6_8,mcu9t5v0,or2_1,False,175
GD04,GD04_chip_top_6_8,mcu9t5v0,or2_2,False,34
GD04,GD04_chip_top_6_8,mcu9t5v0,or2_4,False,56
GD04,GD04_chip_top_6_8,mcu9t5v0,or3_1,False,6
GD04,GD04_chip_top_6_8,mcu9t5v0,or3_4,False,1
GD04,GD04_chip_top_6_8,mcu9t5v0,or4_1,False,2
GD04,GD04_chip_top_6_8,mcu9t5v0,or4_2,False,1
GD04,GD04_chip_top_6_8,mcu9t5v0,sdffq_1,False,1434
GD04,GD04_chip_top_6_8,mcu9t5v0,sdffrnq_1,False,1993
GD04,GD04_chip_top_6_8,mcu9t5v0,sdffrnq_2,False,1
GD04,GD04_chip_top_6_8,mcu9t5v0,sdffsnq_1,False,127
GD04,GD04_chip_top_6_8,mcu9t5v0,tieh,True,29
GD04,GD04_chip_top_6_8,mcu9t5v0,tiel,True,488
KIAN,KIAN_chip_top_8_0,mcu9t5v0,and2_1,False,181
KIAN,KIAN_chip_top_8_0,mcu9t5v0,and2_2,False,19
KIAN,KIAN_chip_top_8_0,mcu9t5v0,and2_4,False,5
KIAN,KIAN_chip_top_8_0,mcu9t5v0,and3_1,False,76
KIAN,KIAN_chip_top_8_0,mcu9t5v0,and3_2,False,7
KIAN,KIAN_chip_top_8_0,mcu9t5v0,and3_4,False,1
KIAN,KIAN_chip_top_8_0,mcu9t5v0,and4_1,False,87
KIAN,KIAN_chip_top_8_0,mcu9t5v0,and4_2,False,4
KIAN,KIAN_chip_top_8_0,mcu9t5v0,and4_4,False,1
KIAN,KIAN_chip_top_8_0,mcu9t5v0,antenna,True,119
KIAN,KIAN_chip_top_8_0,mcu9t5v0,aoi211_1,False,1791
KIAN,KIAN_chip_top_8_0,mcu9t5v0,aoi211_2,False,60
KIAN,KIAN_chip_top_8_0,mcu9t5v0,aoi211_4,False,6
KIAN,KIAN_chip_top_8_0,mcu9t5v0,aoi21_1,False,3088
KIAN,KIAN_chip_top_8_0,mcu9t5v0,aoi21_2,False,151
KIAN,KIAN_chip_top_8_0,mcu9t5v0,aoi21_4,False,22
KIAN,KIAN_chip_top_8_0,mcu9t5v0,aoi221_1,False,949
KIAN,KIAN_chip_top_8_0,mcu9t5v0,aoi221_2,False,151
KIAN,KIAN_chip_top_8_0,mcu9t5v0,aoi221_4,False,20
KIAN,KIAN_chip_top_8_0,mcu9t5v0,aoi22_1,False,1398
KIAN,KIAN_chip_top_8_0,mcu9t5v0,aoi22_2,False,8
KIAN,KIAN_chip_top_8_0,mcu9t5v0,aoi22_4,False,5
KIAN,KIAN_chip_top_8_0,mcu9t5v0,buf_1,False,3324
KIAN,KIAN_chip_top_8_0,mcu9t5v0,buf_12,False,17
KIAN,KIAN_chip_top_8_0,mcu9t5v0,buf_16,False,2
KIAN,KIAN_chip_top_8_0,mcu9t5v0,buf_2,False,2727
KIAN,KIAN_chip_top_8_0,mcu9t5v0,buf_20,False,4
KIAN,KIAN_chip_top_8_0,mcu9t5v0,buf_3,False,176
KIAN,KIAN_chip_top_8_0,mcu9t5v0,buf_4,False,3091
KIAN,KIAN_chip_top_8_0,mcu9t5v0,buf_8,False,451
KIAN,KIAN_chip_top_8_0,mcu9t5v0,clkbuf_1,False,877
KIAN,KIAN_chip_top_8_0,mcu9t5v0,clkbuf_12,False,86
KIAN,KIAN_chip_top_8_0,mcu9t5v0,clkbuf_16,False,641
KIAN,KIAN_chip_top_8_0,mcu9t5v0,clkbuf_2,False,2473
KIAN,KIAN_chip_top_8_0,mcu9t5v0,clkbuf_20,False,12
KIAN,KIAN_chip_top_8_0,mcu9t5v0,clkbuf_3,False,320
KIAN,KIAN_chip_top_8_0,mcu9t5v0,clkbuf_4,False,1172
KIAN,KIAN_chip_top_8_0,mcu9t5v0,clkbuf_8,False,1937
KIAN,KIAN_chip_top_8_0,mcu9t5v0,clkinv_1,False,6350
KIAN,KIAN_chip_top_8_0,mcu9t5v0,clkinv_12,False,24
KIAN,KIAN_chip_top_8_0,mcu9t5v0,clkinv_16,False,18
KIAN,KIAN_chip_top_8_0,mcu9t5v0,clkinv_2,False,222
KIAN,KIAN_chip_top_8_0,mcu9t5v0,clkinv_20,False,2
KIAN,KIAN_chip_top_8_0,mcu9t5v0,clkinv_3,False,142
KIAN,KIAN_chip_top_8_0,mcu9t5v0,clkinv_4,False,29
KIAN,KIAN_chip_top_8_0,mcu9t5v0,clkinv_8,False,37
KIAN,KIAN_chip_top_8_0,mcu9t5v0,dffnq_1,False,16
KIAN,KIAN_chip_top_8_0,mcu9t5v0,dffq_1,False,10257
KIAN,KIAN_chip_top_8_0,mcu9t5v0,dffq_2,False,53
KIAN,KIAN_chip_top_8_0,mcu9t5v0,dffq_4,False,14
KIAN,KIAN_chip_top_8_0,mcu9t5v0,dffrnq_1,False,1
KIAN,KIAN_chip_top_8_0,mcu9t5v0,dffrnq_4,False,1
KIAN,KIAN_chip_top_8_0,mcu9t5v0,dlya_1,False,66
KIAN,KIAN_chip_top_8_0,mcu9t5v0,dlya_2,False,4
KIAN,KIAN_chip_top_8_0,mcu9t5v0,dlyb_1,False,635
KIAN,KIAN_chip_top_8_0,mcu9t5v0,dlyb_2,False,6
KIAN,KIAN_chip_top_8_0,mcu9t5v0,dlyc_1,False,9027
KIAN,KIAN_chip_top_8_0,mcu9t5v0,dlyd_1,False,382
KIAN,KIAN_chip_top_8_0,mcu9t5v0,endcap,True,5674
KIAN,KIAN_chip_top_8_0,mcu9t5v0,fill_1,True,43427
KIAN,KIAN_chip_top_8_0,mcu9t5v0,fill_2,True,41665
KIAN,KIAN_chip_top_8_0,mcu9t5v0,fillcap_16,True,22266
KIAN,KIAN_chip_top_8_0,mcu9t5v0,fillcap_32,True,12749
KIAN,KIAN_chip_top_8_0,mcu9t5v0,fillcap_4,True,42885
KIAN,KIAN_chip_top_8_0,mcu9t5v0,fillcap_64,True,5478
KIAN,KIAN_chip_top_8_0,mcu9t5v0,fillcap_8,True,30484
KIAN,KIAN_chip_top_8_0,mcu9t5v0,filltie,True,41501
KIAN,KIAN_chip_top_8_0,mcu9t5v0,inv_1,False,1299
KIAN,KIAN_chip_top_8_0,mcu9t5v0,inv_12,False,6
KIAN,KIAN_chip_top_8_0,mcu9t5v0,inv_16,False,4
KIAN,KIAN_chip_top_8_0,mcu9t5v0,inv_2,False,74
KIAN,KIAN_chip_top_8_0,mcu9t5v0,inv_20,False,10
KIAN,KIAN_chip_top_8_0,mcu9t5v0,inv_3,False,80
KIAN,KIAN_chip_top_8_0,mcu9t5v0,inv_4,False,121
KIAN,KIAN_chip_top_8_0,mcu9t5v0,inv_8,False,35
KIAN,KIAN_chip_top_8_0,mcu9t5v0,mux2_1,False,944
KIAN,KIAN_chip_top_8_0,mcu9t5v0,mux2_2,False,81
KIAN,KIAN_chip_top_8_0,mcu9t5v0,mux2_4,False,77
KIAN,KIAN_chip_top_8_0,mcu9t5v0,nand2_1,False,15104
KIAN,KIAN_chip_top_8_0,mcu9t5v0,nand2_2,False,452
KIAN,KIAN_chip_top_8_0,mcu9t5v0,nand2_4,False,327
KIAN,KIAN_chip_top_8_0,mcu9t5v0,nand3_1,False,2140
KIAN,KIAN_chip_top_8_0,mcu9t5v0,nand3_2,False,79
KIAN,KIAN_chip_top_8_0,mcu9t5v0,nand3_4,False,47
KIAN,KIAN_chip_top_8_0,mcu9t5v0,nand4_1,False,532
KIAN,KIAN_chip_top_8_0,mcu9t5v0,nand4_2,False,35
KIAN,KIAN_chip_top_8_0,mcu9t5v0,nand4_4,False,30
KIAN,KIAN_chip_top_8_0,mcu9t5v0,nor2_1,False,4041
KIAN,KIAN_chip_top_8_0,mcu9t5v0,nor2_2,False,205
KIAN,KIAN_chip_top_8_0,mcu9t5v0,nor2_4,False,163
KIAN,KIAN_chip_top_8_0,mcu9t5v0,nor3_1,False,251
KIAN,KIAN_chip_top_8_0,mcu9t5v0,nor3_2,False,60
KIAN,KIAN_chip_top_8_0,mcu9t5v0,nor3_4,False,16
KIAN,KIAN_chip_top_8_0,mcu9t5v0,nor4_1,False,156
KIAN,KIAN_chip_top_8_0,mcu9t5v0,nor4_2,False,10
KIAN,KIAN_chip_top_8_0,mcu9t5v0,nor4_4,False,6
KIAN,KIAN_chip_top_8_0,mcu9t5v0,oai211_1,False,1982
KIAN,KIAN_chip_top_8_0,mcu9t5v0,oai211_2,False,65
KIAN,KIAN_chip_top_8_0,mcu9t5v0,oai211_4,False,37
KIAN,KIAN_chip_top_8_0,mcu9t5v0,oai21_1,False,3636
KIAN,KIAN_chip_top_8_0,mcu9t5v0,oai21_2,False,1106
KIAN,KIAN_chip_top_8_0,mcu9t5v0,oai21_4,False,29
KIAN,KIAN_chip_top_8_0,mcu9t5v0,oai221_1,False,633
KIAN,KIAN_chip_top_8_0,mcu9t5v0,oai221_2,False,12
KIAN,KIAN_chip_top_8_0,mcu9t5v0,oai221_4,False,4
KIAN,KIAN_chip_top_8_0,mcu9t5v0,oai22_1,False,728
KIAN,KIAN_chip_top_8_0,mcu9t5v0,oai22_2,False,949
KIAN,KIAN_chip_top_8_0,mcu9t5v0,oai22_4,False,2
KIAN,KIAN_chip_top_8_0,mcu9t5v0,oai31_1,False,233
KIAN,KIAN_chip_top_8_0,mcu9t5v0,oai31_2,False,14
KIAN,KIAN_chip_top_8_0,mcu9t5v0,oai31_4,False,10
KIAN,KIAN_chip_top_8_0,mcu9t5v0,oai32_1,False,39
KIAN,KIAN_chip_top_8_0,mcu9t5v0,oai32_2,False,2
KIAN,KIAN_chip_top_8_0,mcu9t5v0,or2_1,False,404
KIAN,KIAN_chip_top_8_0,mcu9t5v0,or2_2,False,10
KIAN,KIAN_chip_top_8_0,mcu9t5v0,or2_4,False,7
KIAN,KIAN_chip_top_8_0,mcu9t5v0,or3_1,False,4
KIAN,KIAN_chip_top_8_0,mcu9t5v0,or4_1,False,16
KIAN,KIAN_chip_top_8_0,mcu9t5v0,or4_2,False,1
KIAN,KIAN_chip_top_8_0,mcu9t5v0,tieh,True,5
KIAN,KIAN_chip_top_8_0,mcu9t5v0,tiel,True,271
KIAN,KIAN_chip_top_8_0,mcu9t5v0,xnor2_4,False,1
KIAN,KIAN_chip_top_8_0,mcu9t5v0,xor2_1,False,2
KIAN,KIAN_chip_top_8_0,mcu9t5v0,xor3_1,False,4
BRWN,BRWN_ENGN2912E_TOP_8_2,mcu7t5v0,and2_1,False,15
BRWN,BRWN_ENGN2912E_TOP_8_2,mcu7t5v0,and2_1_0,False,68
BRWN,BRWN_ENGN2912E_TOP_8_2,mcu7t5v0,and2_2,False,1
BRWN,BRWN_ENGN2912E_TOP_8_2,mcu7t5v0,and2_4,False,5
BRWN,BRWN_ENGN2912E_TOP_8_2,mcu7t5v0,and3_1,False,12
BRWN,BRWN_ENGN2912E_TOP_8_2,mcu7t5v0,and3_1_0,False,11
BRWN,BRWN_ENGN2912E_TOP_8_2,mcu7t5v0,and4_1,False,17
BRWN,BRWN_ENGN2912E_TOP_8_2,mcu7t5v0,and4_1_0,False,28
BRWN,BRWN_ENGN2912E_TOP_8_2,mcu7t5v0,aoi211_1,False,14
BRWN,BRWN_ENGN2912E_TOP_8_2,mcu7t5v0,aoi211_1_0,False,8
BRWN,BRWN_ENGN2912E_TOP_8_2,mcu7t5v0,aoi211_2,False,1
BRWN,BRWN_ENGN2912E_TOP_8_2,mcu7t5v0,aoi211_4,False,1
BRWN,BRWN_ENGN2912E_TOP_8_2,mcu7t5v0,aoi21_1,False,138
BRWN,BRWN_ENGN2912E_TOP_8_2,mcu7t5v0,aoi21_1_0,False,19
BRWN,BRWN_ENGN2912E_TOP_8_2,mcu7t5v0,aoi21_2,False,7
BRWN,BRWN_ENGN2912E_TOP_8_2,mcu7t5v0,aoi21_4,False,2
BRWN,BRWN_ENGN2912E_TOP_8_2,mcu7t5v0,aoi221_1,False,7
BRWN,BRWN_ENGN2912E_TOP_8_2,mcu7t5v0,aoi221_1_0,False,10
BRWN,BRWN_ENGN2912E_TOP_8_2,mcu7t5v0,aoi222_1,False,29
BRWN,BRWN_ENGN2912E_TOP_8_2,mcu7t5v0,aoi222_1_0,False,2
BRWN,BRWN_ENGN2912E_TOP_8_2,mcu7t5v0,aoi22_1,False,53
BRWN,BRWN_ENGN2912E_TOP_8_2,mcu7t5v0,aoi22_1_0,False,99
BRWN,BRWN_ENGN2912E_TOP_8_2,mcu7t5v0,buf_12,False,23
BRWN,BRWN_ENGN2912E_TOP_8_2,mcu7t5v0,buf_12_0,False,14
BRWN,BRWN_ENGN2912E_TOP_8_2,mcu7t5v0,buf_2,False,126
BRWN,BRWN_ENGN2912E_TOP_8_2,mcu7t5v0,buf_20,False,3
BRWN,BRWN_ENGN2912E_TOP_8_2,mcu7t5v0,buf_3,False,64
BRWN,BRWN_ENGN2912E_TOP_8_2,mcu7t5v0,buf_4,False,7
BRWN,BRWN_ENGN2912E_TOP_8_2,mcu7t5v0,buf_8,False,15
BRWN,BRWN_ENGN2912E_TOP_8_2,mcu7t5v0,buf_8_0,False,1
BRWN,BRWN_ENGN2912E_TOP_8_2,mcu7t5v0,clkbuf_1,False,17
BRWN,BRWN_ENGN2912E_TOP_8_2,mcu7t5v0,clkbuf_16,False,99
BRWN,BRWN_ENGN2912E_TOP_8_2,mcu7t5v0,clkbuf_2,False,29
BRWN,BRWN_ENGN2912E_TOP_8_2,mcu7t5v0,clkbuf_3,False,1
BRWN,BRWN_ENGN2912E_TOP_8_2,mcu7t5v0,clkbuf_4,False,5
BRWN,BRWN_ENGN2912E_TOP_8_2,mcu7t5v0,clkbuf_4_0,False,8
BRWN,BRWN_ENGN2912E_TOP_8_2,mcu7t5v0,clkbuf_8,False,10
BRWN,BRWN_ENGN2912E_TOP_8_2,mcu7t5v0,clkbuf_8_0,False,83
BRWN,BRWN_ENGN2912E_TOP_8_2,mcu7t5v0,clkinv_1,False,294
BRWN,BRWN_ENGN2912E_TOP_8_2,mcu7t5v0,clkinv_12,False,2
BRWN,BRWN_ENGN2912E_TOP_8_2,mcu7t5v0,clkinv_1_0,False,248
BRWN,BRWN_ENGN2912E_TOP_8_2,mcu7t5v0,clkinv_2,False,7
BRWN,BRWN_ENGN2912E_TOP_8_2,mcu7t5v0,clkinv_3,False,1
BRWN,BRWN_ENGN2912E_TOP_8_2,mcu7t5v0,clkinv_4,False,3
BRWN,BRWN_ENGN2912E_TOP_8_2,mcu7t5v0,clkinv_8,False,1
BRWN,BRWN_ENGN2912E_TOP_8_2,mcu7t5v0,dffnrnq_1,False,6
BRWN,BRWN_ENGN2912E_TOP_8_2,mcu7t5v0,dffnrnq_1_0,False,4
BRWN,BRWN_ENGN2912E_TOP_8_2,mcu7t5v0,dffnsnq_1,False,8
BRWN,BRWN_ENGN2912E_TOP_8_2,mcu7t5v0,dffnsnq_1_0,False,4
BRWN,BRWN_ENGN2912E_TOP_8_2,mcu7t5v0,dffrnq_1,False,490
BRWN,BRWN_ENGN2912E_TOP_8_2,mcu7t5v0,dffrnq_1_0,False,422
BRWN,BRWN_ENGN2912E_TOP_8_2,mcu7t5v0,dffrnq_2,False,6
BRWN,BRWN_ENGN2912E_TOP_8_2,mcu7t5v0,dffrnq_4,False,2
BRWN,BRWN_ENGN2912E_TOP_8_2,mcu7t5v0,dffsnq_1,False,33
BRWN,BRWN_ENGN2912E_TOP_8_2,mcu7t5v0,dffsnq_1_0,False,1
BRWN,BRWN_ENGN2912E_TOP_8_2,mcu7t5v0,dlya_2,False,8
BRWN,BRWN_ENGN2912E_TOP_8_2,mcu7t5v0,dlyb_1,False,172
BRWN,BRWN_ENGN2912E_TOP_8_2,mcu7t5v0,dlyb_1_0,False,24
BRWN,BRWN_ENGN2912E_TOP_8_2,mcu7t5v0,endcap,True,280
BRWN,BRWN_ENGN2912E_TOP_8_2,mcu7t5v0,endcap_0,True,562
BRWN,BRWN_ENGN2912E_TOP_8_2,mcu7t5v0,fill_1,True,1156
BRWN,BRWN_ENGN2912E_TOP_8_2,mcu7t5v0,fill_1_0,True,986
BRWN,BRWN_ENGN2912E_TOP_8_2,mcu7t5v0,fill_2,True,1151
BRWN,BRWN_ENGN2912E_TOP_8_2,mcu7t5v0,fill_2_0,True,1033
BRWN,BRWN_ENGN2912E_TOP_8_2,mcu7t5v0,fillcap_16,True,494
BRWN,BRWN_ENGN2912E_TOP_8_2,mcu7t5v0,fillcap_16_0,True,399
BRWN,BRWN_ENGN2912E_TOP_8_2,mcu7t5v0,fillcap_32,True,230
BRWN,BRWN_ENGN2912E_TOP_8_2,mcu7t5v0,fillcap_32_0,True,611
BRWN,BRWN_ENGN2912E_TOP_8_2,mcu7t5v0,fillcap_4,True,1139
BRWN,BRWN_ENGN2912E_TOP_8_2,mcu7t5v0,fillcap_4_0,True,2818
BRWN,BRWN_ENGN2912E_TOP_8_2,mcu7t5v0,fillcap_64,True,162
BRWN,BRWN_ENGN2912E_TOP_8_2,mcu7t5v0,fillcap_64_0,True,2167
BRWN,BRWN_ENGN2912E_TOP_8_2,mcu7t5v0,fillcap_8,True,828
BRWN,BRWN_ENGN2912E_TOP_8_2,mcu7t5v0,fillcap_8_0,True,556
BRWN,BRWN_ENGN2912E_TOP_8_2,mcu7t5v0,filltie,True,1177
BRWN,BRWN_ENGN2912E_TOP_8_2,mcu7t5v0,filltie_0,True,3443
BRWN,BRWN_ENGN2912E_TOP_8_2,mcu7t5v0,inv_12,False,2
BRWN,BRWN_ENGN2912E_TOP_8_2,mcu7t5v0,inv_2,False,6
BRWN,BRWN_ENGN2912E_TOP_8_2,mcu7t5v0,inv_2_0,False,2
BRWN,BRWN_ENGN2912E_TOP_8_2,mcu7t5v0,inv_3,False,4
BRWN,BRWN_ENGN2912E_TOP_8_2,mcu7t5v0,inv_4,False,5
BRWN,BRWN_ENGN2912E_TOP_8_2,mcu7t5v0,mux2_2,False,179
BRWN,BRWN_ENGN2912E_TOP_8_2,mcu7t5v0,mux2_2_0,False,305
BRWN,BRWN_ENGN2912E_TOP_8_2,mcu7t5v0,mux4_1,False,1
BRWN,BRWN_ENGN2912E_TOP_8_2,mcu7t5v0,mux4_1_0,False,2
BRWN,BRWN_ENGN2912E_TOP_8_2,mcu7t5v0,nand2_1,False,127
BRWN,BRWN_ENGN2912E_TOP_8_2,mcu7t5v0,nand2_1_0,False,69
BRWN,BRWN_ENGN2912E_TOP_8_2,mcu7t5v0,nand2_2,False,8
BRWN,BRWN_ENGN2912E_TOP_8_2,mcu7t5v0,nand2_2_0,False,1
BRWN,BRWN_ENGN2912E_TOP_8_2,mcu7t5v0,nand3_1,False,46
BRWN,BRWN_ENGN2912E_TOP_8_2,mcu7t5v0,nand3_1_0,False,8
BRWN,BRWN_ENGN2912E_TOP_8_2,mcu7t5v0,nand3_2,False,2
BRWN,BRWN_ENGN2912E_TOP_8_2,mcu7t5v0,nand3_2_0,False,4
BRWN,BRWN_ENGN2912E_TOP_8_2,mcu7t5v0,nand3_4,False,4
BRWN,BRWN_ENGN2912E_TOP_8_2,mcu7t5v0,nand4_1,False,41
BRWN,BRWN_ENGN2912E_TOP_8_2,mcu7t5v0,nand4_2,False,1
BRWN,BRWN_ENGN2912E_TOP_8_2,mcu7t5v0,nand4_4,False,2
BRWN,BRWN_ENGN2912E_TOP_8_2,mcu7t5v0,nor2_1,False,175
BRWN,BRWN_ENGN2912E_TOP_8_2,mcu7t5v0,nor2_1_0,False,79
BRWN,BRWN_ENGN2912E_TOP_8_2,mcu7t5v0,nor2_2,False,10
BRWN,BRWN_ENGN2912E_TOP_8_2,mcu7t5v0,nor2_2_0,False,3
BRWN,BRWN_ENGN2912E_TOP_8_2,mcu7t5v0,nor2_4,False,2
BRWN,BRWN_ENGN2912E_TOP_8_2,mcu7t5v0,nor3_1,False,54
BRWN,BRWN_ENGN2912E_TOP_8_2,mcu7t5v0,nor3_1_0,False,4
BRWN,BRWN_ENGN2912E_TOP_8_2,mcu7t5v0,nor3_2,False,4
BRWN,BRWN_ENGN2912E_TOP_8_2,mcu7t5v0,nor3_2_0,False,8
BRWN,BRWN_ENGN2912E_TOP_8_2,mcu7t5v0,nor3_4,False,4
BRWN,BRWN_ENGN2912E_TOP_8_2,mcu7t5v0,nor4_1,False,22
BRWN,BRWN_ENGN2912E_TOP_8_2,mcu7t5v0,nor4_1_0,False,4
BRWN,BRWN_ENGN2912E_TOP_8_2,mcu7t5v0,nor4_2,False,12
BRWN,BRWN_ENGN2912E_TOP_8_2,mcu7t5v0,nor4_4,False,4
BRWN,BRWN_ENGN2912E_TOP_8_2,mcu7t5v0,oai211_1,False,1
BRWN,BRWN_ENGN2912E_TOP_8_2,mcu7t5v0,oai211_1_0,False,3
BRWN,BRWN_ENGN2912E_TOP_8_2,mcu7t5v0,oai21_1,False,173
BRWN,BRWN_ENGN2912E_TOP_8_2,mcu7t5v0,oai21_1_0,False,55
BRWN,BRWN_ENGN2912E_TOP_8_2,mcu7t5v0,oai21_2,False,7
BRWN,BRWN_ENGN2912E_TOP_8_2,mcu7t5v0,oai21_4,False,4
BRWN,BRWN_ENGN2912E_TOP_8_2,mcu7t5v0,oai221_1,False,2
BRWN,BRWN_ENGN2912E_TOP_8_2,mcu7t5v0,oai22_1,False,5
BRWN,BRWN_ENGN2912E_TOP_8_2,mcu7t5v0,oai22_1_0,False,1
BRWN,BRWN_ENGN2912E_TOP_8_2,mcu7t5v0,oai31_1,False,24
BRWN,BRWN_ENGN2912E_TOP_8_2,mcu7t5v0,oai31_1_0,False,17
BRWN,BRWN_ENGN2912E_TOP_8_2,mcu7t5v0,oai31_2,False,13
BRWN,BRWN_ENGN2912E_TOP_8_2,mcu7t5v0,oai31_4,False,2
BRWN,BRWN_ENGN2912E_TOP_8_2,mcu7t5v0,oai32_1,False,8
BRWN,BRWN_ENGN2912E_TOP_8_2,mcu7t5v0,oai32_1_0,False,1
BRWN,BRWN_ENGN2912E_TOP_8_2,mcu7t5v0,oai32_4,False,1
BRWN,BRWN_ENGN2912E_TOP_8_2,mcu7t5v0,oai33_1,False,1
BRWN,BRWN_ENGN2912E_TOP_8_2,mcu7t5v0,or2_1,False,13
BRWN,BRWN_ENGN2912E_TOP_8_2,mcu7t5v0,or2_1_0,False,1
BRWN,BRWN_ENGN2912E_TOP_8_2,mcu7t5v0,or2_2,False,1
BRWN,BRWN_ENGN2912E_TOP_8_2,mcu7t5v0,or3_1,False,6
BRWN,BRWN_ENGN2912E_TOP_8_2,mcu7t5v0,or3_1_0,False,1
BRWN,BRWN_ENGN2912E_TOP_8_2,mcu7t5v0,or3_2,False,3
BRWN,BRWN_ENGN2912E_TOP_8_2,mcu7t5v0,or3_4,False,1
BRWN,BRWN_ENGN2912E_TOP_8_2,mcu7t5v0,or4_1,False,1
BRWN,BRWN_ENGN2912E_TOP_8_2,mcu7t5v0,or4_1_0,False,1
BRWN,BRWN_ENGN2912E_TOP_8_2,mcu7t5v0,or4_4,False,4
BRWN,BRWN_ENGN2912E_TOP_8_2,mcu7t5v0,tieh,True,79
BRWN,BRWN_ENGN2912E_TOP_8_2,mcu7t5v0,tiel,True,195
BRWN,BRWN_ENGN2912E_TOP_8_2,mcu7t5v0,xnor2_1,False,9
BRWN,BRWN_ENGN2912E_TOP_8_2,mcu7t5v0,xnor2_1_0,False,2
BRWN,BRWN_ENGN2912E_TOP_8_2,mcu7t5v0,xor2_1,False,14
BRWN,BRWN_ENGN2912E_TOP_8_2,mcu7t5v0,xor2_1_0,False,7
BRWN,BRWN_ENGN2912E_TOP_8_2,mcu7t5v0,xor2_2,False,3
BRWN,BRWN_ENGN2912E_TOP_8_2,mcu7t5v0,xor2_4,False,1
BRWN,BRWN_ENGN2912E_TOP_8_2,mcu7t5v0,xor3_1,False,1
BRWN,BRWN_ENGN2912E_TOP_8_2,mcu9t5v0,antenna,True,35
BRWN,BRWN_ENGN2912E_TOP_8_2,mcu9t5v0,fillcap_32,True,22493
BRWN,BRWN_ENGN2912E_TOP_8_2,mcu9t5v0,filltie,True,22876
BRWN,BRWN_ENGN2912E_TOP_8_2,mcu9t5v0,tieh,True,5
BRWN,BRWN_ENGN2912E_TOP_8_2,mcu9t5v0,tiel,True,20
MOLE,MOLE_chip_top_8_4,mcu7t5v0,and2_1,False,1443
MOLE,MOLE_chip_top_8_4,mcu7t5v0,and2_2,False,22
MOLE,MOLE_chip_top_8_4,mcu7t5v0,and2_4,False,10
MOLE,MOLE_chip_top_8_4,mcu7t5v0,and3_1,False,316
MOLE,MOLE_chip_top_8_4,mcu7t5v0,and4_1,False,2
MOLE,MOLE_chip_top_8_4,mcu7t5v0,and4_4,False,1
MOLE,MOLE_chip_top_8_4,mcu7t5v0,antenna,True,6445
MOLE,MOLE_chip_top_8_4,mcu7t5v0,aoi211_1,False,1969
MOLE,MOLE_chip_top_8_4,mcu7t5v0,aoi211_2,False,13
MOLE,MOLE_chip_top_8_4,mcu7t5v0,aoi211_4,False,6
MOLE,MOLE_chip_top_8_4,mcu7t5v0,aoi21_1,False,6256
MOLE,MOLE_chip_top_8_4,mcu7t5v0,aoi21_2,False,93
MOLE,MOLE_chip_top_8_4,mcu7t5v0,aoi221_1,False,576
MOLE,MOLE_chip_top_8_4,mcu7t5v0,aoi221_2,False,2
MOLE,MOLE_chip_top_8_4,mcu7t5v0,aoi22_1,False,1828
MOLE,MOLE_chip_top_8_4,mcu7t5v0,buf_1,False,44562
MOLE,MOLE_chip_top_8_4,mcu7t5v0,buf_12,False,446
MOLE,MOLE_chip_top_8_4,mcu7t5v0,buf_2,False,3032
MOLE,MOLE_chip_top_8_4,mcu7t5v0,buf_3,False,47
MOLE,MOLE_chip_top_8_4,mcu7t5v0,buf_4,False,3384
MOLE,MOLE_chip_top_8_4,mcu7t5v0,buf_8,False,531
MOLE,MOLE_chip_top_8_4,mcu7t5v0,clkbuf_1,False,47
MOLE,MOLE_chip_top_8_4,mcu7t5v0,clkbuf_12,False,1
MOLE,MOLE_chip_top_8_4,mcu7t5v0,clkbuf_16,False,559
MOLE,MOLE_chip_top_8_4,mcu7t5v0,clkbuf_2,False,17
MOLE,MOLE_chip_top_8_4,mcu7t5v0,clkbuf_3,False,27
MOLE,MOLE_chip_top_8_4,mcu7t5v0,clkbuf_4,False,77
MOLE,MOLE_chip_top_8_4,mcu7t5v0,clkbuf_8,False,415
MOLE,MOLE_chip_top_8_4,mcu7t5v0,clkinv_1,False,11068
MOLE,MOLE_chip_top_8_4,mcu7t5v0,clkinv_12,False,2
MOLE,MOLE_chip_top_8_4,mcu7t5v0,clkinv_2,False,14
MOLE,MOLE_chip_top_8_4,mcu7t5v0,clkinv_4,False,30
MOLE,MOLE_chip_top_8_4,mcu7t5v0,clkinv_8,False,2
MOLE,MOLE_chip_top_8_4,mcu7t5v0,dffq_1,False,3054
MOLE,MOLE_chip_top_8_4,mcu7t5v0,dffq_2,False,16
MOLE,MOLE_chip_top_8_4,mcu7t5v0,dffq_4,False,53
MOLE,MOLE_chip_top_8_4,mcu7t5v0,dffrnq_1,False,2
MOLE,MOLE_chip_top_8_4,mcu7t5v0,dffsnq_1,False,1
MOLE,MOLE_chip_top_8_4,mcu7t5v0,dlyb_1,False,19
MOLE,MOLE_chip_top_8_4,mcu7t5v0,dlyc_1,False,559
MOLE,MOLE_chip_top_8_4,mcu7t5v0,endcap,True,19904
MOLE,MOLE_chip_top_8_4,mcu7t5v0,fill_1,True,59089
MOLE,MOLE_chip_top_8_4,mcu7t5v0,fill_2,True,47852
MOLE,MOLE_chip_top_8_4,mcu7t5v0,fillcap_16,True,8234
MOLE,MOLE_chip_top_8_4,mcu7t5v0,fillcap_32,True,5411
MOLE,MOLE_chip_top_8_4,mcu7t5v0,fillcap_4,True,44309
MOLE,MOLE_chip_top_8_4,mcu7t5v0,fillcap_64,True,17138
MOLE,MOLE_chip_top_8_4,mcu7t5v0,fillcap_8,True,16344
MOLE,MOLE_chip_top_8_4,mcu7t5v0,filltie,True,70604
MOLE,MOLE_chip_top_8_4,mcu7t5v0,inv_1,False,195
MOLE,MOLE_chip_top_8_4,mcu7t5v0,inv_12,False,1
MOLE,MOLE_chip_top_8_4,mcu7t5v0,inv_2,False,52
MOLE,MOLE_chip_top_8_4,mcu7t5v0,inv_3,False,34
MOLE,MOLE_chip_top_8_4,mcu7t5v0,inv_4,False,4
MOLE,MOLE_chip_top_8_4,mcu7t5v0,latq_1,False,51691
MOLE,MOLE_chip_top_8_4,mcu7t5v0,mux2_2,False,8107
MOLE,MOLE_chip_top_8_4,mcu7t5v0,mux4_1,False,24574
MOLE,MOLE_chip_top_8_4,mcu7t5v0,nand2_1,False,12165
MOLE,MOLE_chip_top_8_4,mcu7t5v0,nand2_2,False,21
MOLE,MOLE_chip_top_8_4,mcu7t5v0,nand2_4,False,24
MOLE,MOLE_chip_top_8_4,mcu7t5v0,nand3_1,False,578
MOLE,MOLE_chip_top_8_4,mcu7t5v0,nand3_2,False,2
MOLE,MOLE_chip_top_8_4,mcu7t5v0,nand3_4,False,3
MOLE,MOLE_chip_top_8_4,mcu7t5v0,nand4_1,False,77
MOLE,MOLE_chip_top_8_4,mcu7t5v0,nand4_2,False,1
MOLE,MOLE_chip_top_8_4,mcu7t5v0,nand4_4,False,3
MOLE,MOLE_chip_top_8_4,mcu7t5v0,nor2_1,False,7689
MOLE,MOLE_chip_top_8_4,mcu7t5v0,nor2_2,False,49
MOLE,MOLE_chip_top_8_4,mcu7t5v0,nor2_4,False,2
MOLE,MOLE_chip_top_8_4,mcu7t5v0,nor3_1,False,450
MOLE,MOLE_chip_top_8_4,mcu7t5v0,nor3_2,False,4
MOLE,MOLE_chip_top_8_4,mcu7t5v0,nor3_4,False,2
MOLE,MOLE_chip_top_8_4,mcu7t5v0,nor4_1,False,78
MOLE,MOLE_chip_top_8_4,mcu7t5v0,nor4_2,False,1
MOLE,MOLE_chip_top_8_4,mcu7t5v0,oai211_1,False,3436
MOLE,MOLE_chip_top_8_4,mcu7t5v0,oai21_1,False,6855
MOLE,MOLE_chip_top_8_4,mcu7t5v0,oai21_2,False,156
MOLE,MOLE_chip_top_8_4,mcu7t5v0,oai21_4,False,196
MOLE,MOLE_chip_top_8_4,mcu7t5v0,oai221_1,False,506
MOLE,MOLE_chip_top_8_4,mcu7t5v0,oai222_1,False,120
MOLE,MOLE_chip_top_8_4,mcu7t5v0,oai22_1,False,2526
MOLE,MOLE_chip_top_8_4,mcu7t5v0,oai22_2,False,1
MOLE,MOLE_chip_top_8_4,mcu7t5v0,oai31_1,False,951
MOLE,MOLE_chip_top_8_4,mcu7t5v0,oai31_4,False,1
MOLE,MOLE_chip_top_8_4,mcu7t5v0,oai32_1,False,942
MOLE,MOLE_chip_top_8_4,mcu7t5v0,oai32_2,False,12
MOLE,MOLE_chip_top_8_4,mcu7t5v0,oai33_1,False,6
MOLE,MOLE_chip_top_8_4,mcu7t5v0,or2_1,False,905
MOLE,MOLE_chip_top_8_4,mcu7t5v0,or2_2,False,4
MOLE,MOLE_chip_top_8_4,mcu7t5v0,or3_1,False,100
MOLE,MOLE_chip_top_8_4,mcu7t5v0,or3_2,False,2
MOLE,MOLE_chip_top_8_4,mcu7t5v0,or4_1,False,7
MOLE,MOLE_chip_top_8_4,mcu7t5v0,or4_2,False,1
MOLE,MOLE_chip_top_8_4,mcu7t5v0,tieh,True,2
MOLE,MOLE_chip_top_8_4,mcu7t5v0,tiel,True,34
MOLE,MOLE_chip_top_8_4,mcu7t5v0,xnor2_1,False,183
MOLE,MOLE_chip_top_8_4,mcu7t5v0,xnor3_1,False,54
MOLE,MOLE_chip_top_8_4,mcu7t5v0,xor2_1,False,340
MOLE,MOLE_chip_top_8_4,mcu7t5v0,xor3_1,False,144
OCD1,OCD1_caravel_openframe_top_8_6,mcu7t3v3,and2_2,False,1701
OCD1,OCD1_caravel_openframe_top_8_6,mcu7t3v3,and2_4,False,1
OCD1,OCD1_caravel_openframe_top_8_6,mcu7t3v3,ao211_2,False,776
OCD1,OCD1_caravel_openframe_top_8_6,mcu7t3v3,ao21_2,False,670
OCD1,OCD1_caravel_openframe_top_8_6,mcu7t3v3,ao21b_2,False,5
OCD1,OCD1_caravel_openframe_top_8_6,mcu7t3v3,ao22_2,False,1593
OCD1,OCD1_caravel_openframe_top_8_6,mcu7t3v3,ao31_2,False,831
OCD1,OCD1_caravel_openframe_top_8_6,mcu7t3v3,ao31_4,False,1
OCD1,OCD1_caravel_openframe_top_8_6,mcu7t3v3,aoi211_2,False,180
OCD1,OCD1_caravel_openframe_top_8_6,mcu7t3v3,aoi211_4,False,14
OCD1,OCD1_caravel_openframe_top_8_6,mcu7t3v3,aoi21_2,False,608
OCD1,OCD1_caravel_openframe_top_8_6,mcu7t3v3,aoi21_4,False,64
OCD1,OCD1_caravel_openframe_top_8_6,mcu7t3v3,aoi21b_2,False,150
OCD1,OCD1_caravel_openframe_top_8_6,mcu7t3v3,aoi21b_4,False,6
OCD1,OCD1_caravel_openframe_top_8_6,mcu7t3v3,aoi22_2,False,63
OCD1,OCD1_caravel_openframe_top_8_6,mcu7t3v3,aoi22_4,False,3
OCD1,OCD1_caravel_openframe_top_8_6,mcu7t3v3,aoi31_2,False,45
OCD1,OCD1_caravel_openframe_top_8_6,mcu7t3v3,aoi31_4,False,8
OCD1,OCD1_caravel_openframe_top_8_6,mcu7t3v3,buff_12,False,98
OCD1,OCD1_caravel_openframe_top_8_6,mcu7t3v3,buff_2,False,3598
OCD1,OCD1_caravel_openframe_top_8_6,mcu7t3v3,buff_4,False,2
OCD1,OCD1_caravel_openframe_top_8_6,mcu7t3v3,buff_8,False,2472
OCD1,OCD1_caravel_openframe_top_8_6,mcu7t3v3,clkbuff_12,False,1307
OCD1,OCD1_caravel_openframe_top_8_6,mcu7t3v3,clkbuff_4,False,27
OCD1,OCD1_caravel_openframe_top_8_6,mcu7t3v3,clkbuff_8,False,25
OCD1,OCD1_caravel_openframe_top_8_6,mcu7t3v3,dfsrtp_2,False,1194
OCD1,OCD1_caravel_openframe_top_8_6,mcu7t3v3,dfxtn_2,False,12
OCD1,OCD1_caravel_openframe_top_8_6,mcu7t3v3,dfxtp_2,False,3452
OCD1,OCD1_caravel_openframe_top_8_6,mcu7t3v3,diode_2,True,612
OCD1,OCD1_caravel_openframe_top_8_6,mcu7t3v3,fill_1,True,21687
OCD1,OCD1_caravel_openframe_top_8_6,mcu7t3v3,fill_2,True,20617
OCD1,OCD1_caravel_openframe_top_8_6,mcu7t3v3,fillcap_16,True,292278
OCD1,OCD1_caravel_openframe_top_8_6,mcu7t3v3,fillcap_4,True,82178
OCD1,OCD1_caravel_openframe_top_8_6,mcu7t3v3,fillcap_8,True,17521
OCD1,OCD1_caravel_openframe_top_8_6,mcu7t3v3,inv_2,False,5088
OCD1,OCD1_caravel_openframe_top_8_6,mcu7t3v3,inv_4,False,99
OCD1,OCD1_caravel_openframe_top_8_6,mcu7t3v3,inv_6,False,99
OCD1,OCD1_caravel_openframe_top_8_6,mcu7t3v3,invz_2,False,53
OCD1,OCD1_caravel_openframe_top_8_6,mcu7t3v3,maj3_2,False,151
OCD1,OCD1_caravel_openframe_top_8_6,mcu7t3v3,mux2_2,False,4669
OCD1,OCD1_caravel_openframe_top_8_6,mcu7t3v3,mux2_4,False,4
OCD1,OCD1_caravel_openframe_top_8_6,mcu7t3v3,nand2_2,False,555
OCD1,OCD1_caravel_openframe_top_8_6,mcu7t3v3,nand2_4,False,205
OCD1,OCD1_caravel_openframe_top_8_6,mcu7t3v3,nand2b_2,False,178
OCD1,OCD1_caravel_openframe_top_8_6,mcu7t3v3,nand2b_4,False,18
OCD1,OCD1_caravel_openframe_top_8_6,mcu7t3v3,nand3_2,False,156
OCD1,OCD1_caravel_openframe_top_8_6,mcu7t3v3,nand4_2,False,214
OCD1,OCD1_caravel_openframe_top_8_6,mcu7t3v3,nor2_2,False,1152
OCD1,OCD1_caravel_openframe_top_8_6,mcu7t3v3,nor2_4,False,103
OCD1,OCD1_caravel_openframe_top_8_6,mcu7t3v3,nor2b_2,False,158
OCD1,OCD1_caravel_openframe_top_8_6,mcu7t3v3,nor2b_4,False,30
OCD1,OCD1_caravel_openframe_top_8_6,mcu7t3v3,nor3_2,False,525
OCD1,OCD1_caravel_openframe_top_8_6,mcu7t3v3,oai211_2,False,109
OCD1,OCD1_caravel_openframe_top_8_6,mcu7t3v3,or2_2,False,1174
OCD1,OCD1_caravel_openframe_top_8_6,mcu7t3v3,tap_2,True,87769
OCD1,OCD1_caravel_openframe_top_8_6,mcu7t3v3,tieh_4,True,1272
OCD1,OCD1_caravel_openframe_top_8_6,mcu7t3v3,tiel_4,True,78
OCD1,OCD1_caravel_openframe_top_8_6,mcu7t3v3,xnor2_2,False,783
OCD1,OCD1_caravel_openframe_top_8_6,mcu7t5v0,antenna,True,1
OCD1,OCD1_caravel_openframe_top_8_6,mcu7t5v0,fill_2,True,1
OCD1,OCD1_caravel_openframe_top_8_6,mcu7t5v0,fillcap_8,True,1
OCD1,OCD1_caravel_openframe_top_8_6,mcu7t5v0,filltie,True,4
OCD1,OCD1_caravel_openframe_top_8_6,mcu7t5v0,inv_12,False,1
OCD1,OCD1_caravel_openframe_top_8_6,mcu7t5v0,inv_8,False,1
TQVC,TQVC_chip_top_8_8,mcu7t5v0,and2_1,False,273
TQVC,TQVC_chip_top_8_8,mcu7t5v0,and2_2,False,7
TQVC,TQVC_chip_top_8_8,mcu7t5v0,and2_4,False,2
TQVC,TQVC_chip_top_8_8,mcu7t5v0,and3_1,False,48
TQVC,TQVC_chip_top_8_8,mcu7t5v0,and3_4,False,1
TQVC,TQVC_chip_top_8_8,mcu7t5v0,and4_1,False,29
TQVC,TQVC_chip_top_8_8,mcu7t5v0,antenna,True,23
TQVC,TQVC_chip_top_8_8,mcu7t5v0,aoi211_1,False,202
TQVC,TQVC_chip_top_8_8,mcu7t5v0,aoi211_2,False,16
TQVC,TQVC_chip_top_8_8,mcu7t5v0,aoi211_4,False,3
TQVC,TQVC_chip_top_8_8,mcu7t5v0,aoi21_1,False,1242
TQVC,TQVC_chip_top_8_8,mcu7t5v0,aoi21_2,False,43
TQVC,TQVC_chip_top_8_8,mcu7t5v0,aoi21_4,False,372
TQVC,TQVC_chip_top_8_8,mcu7t5v0,aoi221_1,False,431
TQVC,TQVC_chip_top_8_8,mcu7t5v0,aoi221_2,False,41
TQVC,TQVC_chip_top_8_8,mcu7t5v0,aoi221_4,False,9
TQVC,TQVC_chip_top_8_8,mcu7t5v0,aoi22_1,False,468
TQVC,TQVC_chip_top_8_8,mcu7t5v0,aoi22_2,False,18
TQVC,TQVC_chip_top_8_8,mcu7t5v0,aoi22_4,False,7
TQVC,TQVC_chip_top_8_8,mcu7t5v0,buf_1,False,983
TQVC,TQVC_chip_top_8_8,mcu7t5v0,buf_12,False,32
TQVC,TQVC_chip_top_8_8,mcu7t5v0,buf_16,False,8
TQVC,TQVC_chip_top_8_8,mcu7t5v0,buf_2,False,2340
TQVC,TQVC_chip_top_8_8,mcu7t5v0,buf_20,False,11
TQVC,TQVC_chip_top_8_8,mcu7t5v0,buf_3,False,45
TQVC,TQVC_chip_top_8_8,mcu7t5v0,buf_4,False,386
TQVC,TQVC_chip_top_8_8,mcu7t5v0,buf_8,False,264
TQVC,TQVC_chip_top_8_8,mcu7t5v0,clkbuf_1,False,408
TQVC,TQVC_chip_top_8_8,mcu7t5v0,clkbuf_12,False,3
TQVC,TQVC_chip_top_8_8,mcu7t5v0,clkbuf_16,False,17
TQVC,TQVC_chip_top_8_8,mcu7t5v0,clkbuf_2,False,187
TQVC,TQVC_chip_top_8_8,mcu7t5v0,clkbuf_3,False,7
TQVC,TQVC_chip_top_8_8,mcu7t5v0,clkbuf_4,False,57
TQVC,TQVC_chip_top_8_8,mcu7t5v0,clkbuf_8,False,566
TQVC,TQVC_chip_top_8_8,mcu7t5v0,clkinv_1,False,3157
TQVC,TQVC_chip_top_8_8,mcu7t5v0,clkinv_12,False,7
TQVC,TQVC_chip_top_8_8,mcu7t5v0,clkinv_16,False,2
TQVC,TQVC_chip_top_8_8,mcu7t5v0,clkinv_2,False,78
TQVC,TQVC_chip_top_8_8,mcu7t5v0,clkinv_20,False,3
TQVC,TQVC_chip_top_8_8,mcu7t5v0,clkinv_3,False,33
TQVC,TQVC_chip_top_8_8,mcu7t5v0,clkinv_4,False,17
TQVC,TQVC_chip_top_8_8,mcu7t5v0,clkinv_8,False,14
TQVC,TQVC_chip_top_8_8,mcu7t5v0,dffnq_1,False,4
TQVC,TQVC_chip_top_8_8,mcu7t5v0,dffnq_2,False,1
TQVC,TQVC_chip_top_8_8,mcu7t5v0,dffq_1,False,2971
TQVC,TQVC_chip_top_8_8,mcu7t5v0,dffq_2,False,38
TQVC,TQVC_chip_top_8_8,mcu7t5v0,dffq_4,False,12
TQVC,TQVC_chip_top_8_8,mcu7t5v0,dffrnq_1,False,430
TQVC,TQVC_chip_top_8_8,mcu7t5v0,dffrnq_2,False,7
TQVC,TQVC_chip_top_8_8,mcu7t5v0,dffsnq_1,False,1
TQVC,TQVC_chip_top_8_8,mcu7t5v0,dlya_1,False,140
TQVC,TQVC_chip_top_8_8,mcu7t5v0,dlya_2,False,5
TQVC,TQVC_chip_top_8_8,mcu7t5v0,dlyb_1,False,761
TQVC,TQVC_chip_top_8_8,mcu7t5v0,dlyc_1,False,41
TQVC,TQVC_chip_top_8_8,mcu7t5v0,endcap,True,1098
TQVC,TQVC_chip_top_8_8,mcu7t5v0,fill_1,True,15924
TQVC,TQVC_chip_top_8_8,mcu7t5v0,fill_2,True,14855
TQVC,TQVC_chip_top_8_8,mcu7t5v0,fillcap_16,True,7549
TQVC,TQVC_chip_top_8_8,mcu7t5v0,fillcap_32,True,2839
TQVC,TQVC_chip_top_8_8,mcu7t5v0,fillcap_4,True,32879
TQVC,TQVC_chip_top_8_8,mcu7t5v0,fillcap_64,True,19708
TQVC,TQVC_chip_top_8_8,mcu7t5v0,fillcap_8,True,10682
TQVC,TQVC_chip_top_8_8,mcu7t5v0,filltie,True,31238
TQVC,TQVC_chip_top_8_8,mcu7t5v0,inv_1,False,513
TQVC,TQVC_chip_top_8_8,mcu7t5v0,inv_12,False,6
TQVC,TQVC_chip_top_8_8,mcu7t5v0,inv_16,False,2
TQVC,TQVC_chip_top_8_8,mcu7t5v0,inv_2,False,75
TQVC,TQVC_chip_top_8_8,mcu7t5v0,inv_3,False,31
TQVC,TQVC_chip_top_8_8,mcu7t5v0,inv_4,False,33
TQVC,TQVC_chip_top_8_8,mcu7t5v0,inv_8,False,6
TQVC,TQVC_chip_top_8_8,mcu7t5v0,latq_1,False,955
TQVC,TQVC_chip_top_8_8,mcu7t5v0,nand2_1,False,8803
TQVC,TQVC_chip_top_8_8,mcu7t5v0,nand2_2,False,134
TQVC,TQVC_chip_top_8_8,mcu7t5v0,nand2_4,False,26
TQVC,TQVC_chip_top_8_8,mcu7t5v0,nand3_1,False,1664
TQVC,TQVC_chip_top_8_8,mcu7t5v0,nand3_2,False,30
TQVC,TQVC_chip_top_8_8,mcu7t5v0,nand3_4,False,1
TQVC,TQVC_chip_top_8_8,mcu7t5v0,nand4_1,False,480
TQVC,TQVC_chip_top_8_8,mcu7t5v0,nand4_2,False,8
TQVC,TQVC_chip_top_8_8,mcu7t5v0,nand4_4,False,1
TQVC,TQVC_chip_top_8_8,mcu7t5v0,nor2_1,False,1334
TQVC,TQVC_chip_top_8_8,mcu7t5v0,nor2_2,False,73
TQVC,TQVC_chip_top_8_8,mcu7t5v0,nor2_4,False,12
TQVC,TQVC_chip_top_8_8,mcu7t5v0,nor3_1,False,155
TQVC,TQVC_chip_top_8_8,mcu7t5v0,nor3_2,False,10
TQVC,TQVC_chip_top_8_8,mcu7t5v0,nor3_4,False,1
TQVC,TQVC_chip_top_8_8,mcu7t5v0,nor4_1,False,75
TQVC,TQVC_chip_top_8_8,mcu7t5v0,nor4_2,False,11
TQVC,TQVC_chip_top_8_8,mcu7t5v0,nor4_4,False,9
TQVC,TQVC_chip_top_8_8,mcu7t5v0,oai211_1,False,741
TQVC,TQVC_chip_top_8_8,mcu7t5v0,oai211_2,False,9
TQVC,TQVC_chip_top_8_8,mcu7t5v0,oai211_4,False,4
TQVC,TQVC_chip_top_8_8,mcu7t5v0,oai21_1,False,3217
TQVC,TQVC_chip_top_8_8,mcu7t5v0,oai21_2,False,121
TQVC,TQVC_chip_top_8_8,mcu7t5v0,oai21_4,False,19
TQVC,TQVC_chip_top_8_8,mcu7t5v0,oai221_1,False,261
TQVC,TQVC_chip_top_8_8,mcu7t5v0,oai221_2,False,13
TQVC,TQVC_chip_top_8_8,mcu7t5v0,oai221_4,False,6
TQVC,TQVC_chip_top_8_8,mcu7t5v0,oai22_1,False,396
TQVC,TQVC_chip_top_8_8,mcu7t5v0,oai22_2,False,12
TQVC,TQVC_chip_top_8_8,mcu7t5v0,oai22_4,False,1
TQVC,TQVC_chip_top_8_8,mcu7t5v0,oai31_1,False,52
TQVC,TQVC_chip_top_8_8,mcu7t5v0,oai31_2,False,6
TQVC,TQVC_chip_top_8_8,mcu7t5v0,oai31_4,False,1
TQVC,TQVC_chip_top_8_8,mcu7t5v0,oai32_1,False,50
TQVC,TQVC_chip_top_8_8,mcu7t5v0,oai32_2,False,4
TQVC,TQVC_chip_top_8_8,mcu7t5v0,oai32_4,False,7
TQVC,TQVC_chip_top_8_8,mcu7t5v0,or2_1,False,413
TQVC,TQVC_chip_top_8_8,mcu7t5v0,or2_2,False,23
TQVC,TQVC_chip_top_8_8,mcu7t5v0,or2_4,False,4
TQVC,TQVC_chip_top_8_8,mcu7t5v0,or3_1,False,36
TQVC,TQVC_chip_top_8_8,mcu7t5v0,or3_2,False,1
TQVC,TQVC_chip_top_8_8,mcu7t5v0,or4_1,False,15
TQVC,TQVC_chip_top_8_8,mcu7t5v0,tieh,True,43
TQVC,TQVC_chip_top_8_8,mcu7t5v0,tiel,True,256
TQVC,TQVC_chip_top_8_8,mcu7t5v0,xnor2_1,False,1
TQVC,TQVC_chip_top_8_8,mcu7t5v0,xnor3_1,False,5
TQVC,TQVC_chip_top_8_8,mcu7t5v0,xnor3_2,False,1
TQVC,TQVC_chip_top_8_8,mcu7t5v0,xor2_1,False,1
JKU1,JKU1_chip_top_10_0,mcu7t5v0,and2_1,False,2516
JKU1,JKU1_chip_top_10_0,mcu7t5v0,and2_2,False,313
JKU1,JKU1_chip_top_10_0,mcu7t5v0,and2_4,False,44
JKU1,JKU1_chip_top_10_0,mcu7t5v0,and3_1,False,439
JKU1,JKU1_chip_top_10_0,mcu7t5v0,and3_2,False,25
JKU1,JKU1_chip_top_10_0,mcu7t5v0,and3_4,False,6
JKU1,JKU1_chip_top_10_0,mcu7t5v0,and4_1,False,499
JKU1,JKU1_chip_top_10_0,mcu7t5v0,and4_2,False,15
JKU1,JKU1_chip_top_10_0,mcu7t5v0,and4_4,False,8
JKU1,JKU1_chip_top_10_0,mcu7t5v0,antenna,True,324
JKU1,JKU1_chip_top_10_0,mcu7t5v0,aoi211_1,False,1884
JKU1,JKU1_chip_top_10_0,mcu7t5v0,aoi211_2,False,80
JKU1,JKU1_chip_top_10_0,mcu7t5v0,aoi211_4,False,44
JKU1,JKU1_chip_top_10_0,mcu7t5v0,aoi21_1,False,9308
JKU1,JKU1_chip_top_10_0,mcu7t5v0,aoi21_2,False,755
JKU1,JKU1_chip_top_10_0,mcu7t5v0,aoi21_4,False,135
JKU1,JKU1_chip_top_10_0,mcu7t5v0,aoi221_1,False,1729
JKU1,JKU1_chip_top_10_0,mcu7t5v0,aoi221_2,False,40
JKU1,JKU1_chip_top_10_0,mcu7t5v0,aoi221_4,False,25
JKU1,JKU1_chip_top_10_0,mcu7t5v0,aoi222_1,False,189
JKU1,JKU1_chip_top_10_0,mcu7t5v0,aoi222_2,False,10
JKU1,JKU1_chip_top_10_0,mcu7t5v0,aoi222_4,False,4
JKU1,JKU1_chip_top_10_0,mcu7t5v0,aoi22_1,False,3193
JKU1,JKU1_chip_top_10_0,mcu7t5v0,aoi22_2,False,61
JKU1,JKU1_chip_top_10_0,mcu7t5v0,aoi22_4,False,25
JKU1,JKU1_chip_top_10_0,mcu7t5v0,buf_1,False,3184
JKU1,JKU1_chip_top_10_0,mcu7t5v0,buf_12,False,71
JKU1,JKU1_chip_top_10_0,mcu7t5v0,buf_16,False,15
JKU1,JKU1_chip_top_10_0,mcu7t5v0,buf_2,False,1657
JKU1,JKU1_chip_top_10_0,mcu7t5v0,buf_20,False,31
JKU1,JKU1_chip_top_10_0,mcu7t5v0,buf_3,False,535
JKU1,JKU1_chip_top_10_0,mcu7t5v0,buf_4,False,917
JKU1,JKU1_chip_top_10_0,mcu7t5v0,buf_8,False,216
JKU1,JKU1_chip_top_10_0,mcu7t5v0,clkbuf_1,False,2938
JKU1,JKU1_chip_top_10_0,mcu7t5v0,clkbuf_12,False,2
JKU1,JKU1_chip_top_10_0,mcu7t5v0,clkbuf_16,False,154
JKU1,JKU1_chip_top_10_0,mcu7t5v0,clkbuf_2,False,1774
JKU1,JKU1_chip_top_10_0,mcu7t5v0,clkbuf_3,False,66
JKU1,JKU1_chip_top_10_0,mcu7t5v0,clkbuf_4,False,221
JKU1,JKU1_chip_top_10_0,mcu7t5v0,clkbuf_8,False,1393
JKU1,JKU1_chip_top_10_0,mcu7t5v0,clkinv_1,False,13598
JKU1,JKU1_chip_top_10_0,mcu7t5v0,clkinv_12,False,8
JKU1,JKU1_chip_top_10_0,mcu7t5v0,clkinv_16,False,6
JKU1,JKU1_chip_top_10_0,mcu7t5v0,clkinv_2,False,258
JKU1,JKU1_chip_top_10_0,mcu7t5v0,clkinv_3,False,40
JKU1,JKU1_chip_top_10_0,mcu7t5v0,clkinv_4,False,88
JKU1,JKU1_chip_top_10_0,mcu7t5v0,clkinv_8,False,32
JKU1,JKU1_chip_top_10_0,mcu7t5v0,dffnq_1,False,1
JKU1,JKU1_chip_top_10_0,mcu7t5v0,dffq_1,False,8884
JKU1,JKU1_chip_top_10_0,mcu7t5v0,dffq_2,False,5
JKU1,JKU1_chip_top_10_0,mcu7t5v0,dffq_4,False,1
JKU1,JKU1_chip_top_10_0,mcu7t5v0,dffrnq_1,False,4367
JKU1,JKU1_chip_top_10_0,mcu7t5v0,dffrnq_2,False,14
JKU1,JKU1_chip_top_10_0,mcu7t5v0,dffrnq_4,False,5
JKU1,JKU1_chip_top_10_0,mcu7t5v0,dffrsnq_1,False,8
JKU1,JKU1_chip_top_10_0,mcu7t5v0,dffsnq_1,False,80
JKU1,JKU1_chip_top_10_0,mcu7t5v0,dlya_1,False,1359
JKU1,JKU1_chip_top_10_0,mcu7t5v0,dlya_2,False,12
JKU1,JKU1_chip_top_10_0,mcu7t5v0,dlya_4,False,1
JKU1,JKU1_chip_top_10_0,mcu7t5v0,dlyb_1,False,8691
JKU1,JKU1_chip_top_10_0,mcu7t5v0,dlyc_1,False,212
JKU1,JKU1_chip_top_10_0,mcu7t5v0,endcap,True,10406
JKU1,JKU1_chip_top_10_0,mcu7t5v0,fill_1,True,64896
JKU1,JKU1_chip_top_10_0,mcu7t5v0,fill_2,True,58850
JKU1,JKU1_chip_top_10_0,mcu7t5v0,fillcap_16,True,24360
JKU1,JKU1_chip_top_10_0,mcu7t5v0,fillcap_32,True,15614
JKU1,JKU1_chip_top_10_0,mcu7t5v0,fillcap_4,True,76223
JKU1,JKU1_chip_top_10_0,mcu7t5v0,fillcap_64,True,30215
JKU1,JKU1_chip_top_10_0,mcu7t5v0,fillcap_8,True,36162
JKU1,JKU1_chip_top_10_0,mcu7t5v0,filltie,True,78300
JKU1,JKU1_chip_top_10_0,mcu7t5v0,inv_1,False,1989
JKU1,JKU1_chip_top_10_0,mcu7t5v0,inv_12,False,21
JKU1,JKU1_chip_top_10_0,mcu7t5v0,inv_16,False,52
JKU1,JKU1_chip_top_10_0,mcu7t5v0,inv_2,False,1065
JKU1,JKU1_chip_top_10_0,mcu7t5v0,inv_20,False,72
JKU1,JKU1_chip_top_10_0,mcu7t5v0,inv_3,False,240
JKU1,JKU1_chip_top_10_0,mcu7t5v0,inv_4,False,222
JKU1,JKU1_chip_top_10_0,mcu7t5v0,inv_8,False,16
JKU1,JKU1_chip_top_10_0,mcu7t5v0,mux2_2,False,1974
JKU1,JKU1_chip_top_10_0,mcu7t5v0,mux2_4,False,1
JKU1,JKU1_chip_top_10_0,mcu7t5v0,mux4_1,False,400
JKU1,JKU1_chip_top_10_0,mcu7t5v0,mux4_2,False,33
JKU1,JKU1_chip_top_10_0,mcu7t5v0,mux4_4,False,5
JKU1,JKU1_chip_top_10_0,mcu7t5v0,nand2_1,False,43602
JKU1,JKU1_chip_top_10_0,mcu7t5v0,nand2_2,False,5230
JKU1,JKU1_chip_top_10_0,mcu7t5v0,nand2_4,False,573
JKU1,JKU1_chip_top_10_0,mcu7t5v0,nand3_1,False,13041
JKU1,JKU1_chip_top_10_0,mcu7t5v0,nand3_2,False,1156
JKU1,JKU1_chip_top_10_0,mcu7t5v0,nand3_4,False,87
JKU1,JKU1_chip_top_10_0,mcu7t5v0,nand4_1,False,1900
JKU1,JKU1_chip_top_10_0,mcu7t5v0,nand4_2,False,133
JKU1,JKU1_chip_top_10_0,mcu7t5v0,nand4_4,False,26
JKU1,JKU1_chip_top_10_0,mcu7t5v0,nor2_1,False,7127
JKU1,JKU1_chip_top_10_0,mcu7t5v0,nor2_2,False,1373
JKU1,JKU1_chip_top_10_0,mcu7t5v0,nor2_4,False,244
JKU1,JKU1_chip_top_10_0,mcu7t5v0,nor3_1,False,984
JKU1,JKU1_chip_top_10_0,mcu7t5v0,nor3_2,False,90
JKU1,JKU1_chip_top_10_0,mcu7t5v0,nor3_4,False,54
JKU1,JKU1_chip_top_10_0,mcu7t5v0,nor4_1,False,737
JKU1,JKU1_chip_top_10_0,mcu7t5v0,nor4_2,False,120
JKU1,JKU1_chip_top_10_0,mcu7t5v0,nor4_4,False,30
JKU1,JKU1_chip_top_10_0,mcu7t5v0,oai211_1,False,1684
JKU1,JKU1_chip_top_10_0,mcu7t5v0,oai211_2,False,50
JKU1,JKU1_chip_top_10_0,mcu7t5v0,oai211_4,False,30
JKU1,JKU1_chip_top_10_0,mcu7t5v0,oai21_1,False,7168
JKU1,JKU1_chip_top_10_0,mcu7t5v0,oai21_2,False,302
JKU1,JKU1_chip_top_10_0,mcu7t5v0,oai21_4,False,130
JKU1,JKU1_chip_top_10_0,mcu7t5v0,oai221_1,False,501
JKU1,JKU1_chip_top_10_0,mcu7t5v0,oai221_2,False,20
JKU1,JKU1_chip_top_10_0,mcu7t5v0,oai221_4,False,7
JKU1,JKU1_chip_top_10_0,mcu7t5v0,oai222_1,False,20
JKU1,JKU1_chip_top_10_0,mcu7t5v0,oai222_2,False,3
JKU1,JKU1_chip_top_10_0,mcu7t5v0,oai22_1,False,994
JKU1,JKU1_chip_top_10_0,mcu7t5v0,oai22_2,False,74
JKU1,JKU1_chip_top_10_0,mcu7t5v0,oai22_4,False,11
JKU1,JKU1_chip_top_10_0,mcu7t5v0,oai31_1,False,658
JKU1,JKU1_chip_top_10_0,mcu7t5v0,oai31_2,False,79
JKU1,JKU1_chip_top_10_0,mcu7t5v0,oai31_4,False,41
JKU1,JKU1_chip_top_10_0,mcu7t5v0,oai32_1,False,394
JKU1,JKU1_chip_top_10_0,mcu7t5v0,oai32_2,False,14
JKU1,JKU1_chip_top_10_0,mcu7t5v0,oai32_4,False,9
JKU1,JKU1_chip_top_10_0,mcu7t5v0,oai33_1,False,4
JKU1,JKU1_chip_top_10_0,mcu7t5v0,oai33_4,False,1
JKU1,JKU1_chip_top_10_0,mcu7t5v0,or2_1,False,3899
JKU1,JKU1_chip_top_10_0,mcu7t5v0,or2_2,False,413
JKU1,JKU1_chip_top_10_0,mcu7t5v0,or2_4,False,48
JKU1,JKU1_chip_top_10_0,mcu7t5v0,or3_1,False,283
JKU1,JKU1_chip_top_10_0,mcu7t5v0,or3_2,False,62
JKU1,JKU1_chip_top_10_0,mcu7t5v0,or3_4,False,7
JKU1,JKU1_chip_top_10_0,mcu7t5v0,or4_1,False,192
JKU1,JKU1_chip_top_10_0,mcu7t5v0,or4_2,False,34
JKU1,JKU1_chip_top_10_0,mcu7t5v0,or4_4,False,3
JKU1,JKU1_chip_top_10_0,mcu7t5v0,tieh,True,45
JKU1,JKU1_chip_top_10_0,mcu7t5v0,tiel,True,283
JKU1,JKU1_chip_top_10_0,mcu7t5v0,xnor2_1,False,407
JKU1,JKU1_chip_top_10_0,mcu7t5v0,xnor2_2,False,9
JKU1,JKU1_chip_top_10_0,mcu7t5v0,xnor2_4,False,1
JKU1,JKU1_chip_top_10_0,mcu7t5v0,xnor3_1,False,117
JKU1,JKU1_chip_top_10_0,mcu7t5v0,xnor3_2,False,12
JKU1,JKU1_chip_top_10_0,mcu7t5v0,xnor3_4,False,1
JKU1,JKU1_chip_top_10_0,mcu7t5v0,xor2_1,False,1740
JKU1,JKU1_chip_top_10_0,mcu7t5v0,xor2_2,False,48
JKU1,JKU1_chip_top_10_0,mcu7t5v0,xor2_4,False,1
JKU1,JKU1_chip_top_10_0,mcu7t5v0,xor3_1,False,180
JKU1,JKU1_chip_top_10_0,mcu7t5v0,xor3_2,False,29
JKU1,JKU1_chip_top_10_0,mcu7t5v0,xor3_4,False,1
WSLG,WSLG_chip_top_10_2,mcu7t5v0,addf_1,False,24
WSLG,WSLG_chip_top_10_2,mcu7t5v0,addh_1,False,24
WSLG,WSLG_chip_top_10_2,mcu7t5v0,and2_1,False,31
WSLG,WSLG_chip_top_10_2,mcu7t5v0,and2_2,False,1120
WSLG,WSLG_chip_top_10_2,mcu7t5v0,and2_4,False,13
WSLG,WSLG_chip_top_10_2,mcu7t5v0,and3_2,False,320
WSLG,WSLG_chip_top_10_2,mcu7t5v0,and3_4,False,10
WSLG,WSLG_chip_top_10_2,mcu7t5v0,and4_2,False,175
WSLG,WSLG_chip_top_10_2,mcu7t5v0,and4_4,False,6
WSLG,WSLG_chip_top_10_2,mcu7t5v0,antenna,True,27
WSLG,WSLG_chip_top_10_2,mcu7t5v0,aoi211_2,False,185
WSLG,WSLG_chip_top_10_2,mcu7t5v0,aoi211_4,False,8
WSLG,WSLG_chip_top_10_2,mcu7t5v0,aoi21_1,False,45
WSLG,WSLG_chip_top_10_2,mcu7t5v0,aoi21_2,False,447
WSLG,WSLG_chip_top_10_2,mcu7t5v0,aoi21_4,False,38
WSLG,WSLG_chip_top_10_2,mcu7t5v0,aoi221_2,False,109
WSLG,WSLG_chip_top_10_2,mcu7t5v0,aoi221_4,False,3
WSLG,WSLG_chip_top_10_2,mcu7t5v0,aoi222_2,False,25
WSLG,WSLG_chip_top_10_2,mcu7t5v0,aoi22_1,False,44
WSLG,WSLG_chip_top_10_2,mcu7t5v0,aoi22_2,False,433
WSLG,WSLG_chip_top_10_2,mcu7t5v0,aoi22_4,False,3
WSLG,WSLG_chip_top_10_2,mcu7t5v0,buf_1,False,2
WSLG,WSLG_chip_top_10_2,mcu7t5v0,buf_12,False,182
WSLG,WSLG_chip_top_10_2,mcu7t5v0,buf_16,False,6
WSLG,WSLG_chip_top_10_2,mcu7t5v0,buf_2,False,1605
WSLG,WSLG_chip_top_10_2,mcu7t5v0,buf_20,False,20
WSLG,WSLG_chip_top_10_2,mcu7t5v0,buf_3,False,53
WSLG,WSLG_chip_top_10_2,mcu7t5v0,buf_4,False,184
WSLG,WSLG_chip_top_10_2,mcu7t5v0,buf_8,False,578
WSLG,WSLG_chip_top_10_2,mcu7t5v0,clkbuf_16,False,31
WSLG,WSLG_chip_top_10_2,mcu7t5v0,clkbuf_2,False,176
WSLG,WSLG_chip_top_10_2,mcu7t5v0,clkbuf_3,False,13
WSLG,WSLG_chip_top_10_2,mcu7t5v0,clkbuf_4,False,57
WSLG,WSLG_chip_top_10_2,mcu7t5v0,clkbuf_8,False,287
WSLG,WSLG_chip_top_10_2,mcu7t5v0,clkinv_12,False,4
WSLG,WSLG_chip_top_10_2,mcu7t5v0,clkinv_2,False,334
WSLG,WSLG_chip_top_10_2,mcu7t5v0,clkinv_20,False,1
WSLG,WSLG_chip_top_10_2,mcu7t5v0,clkinv_3,False,3
WSLG,WSLG_chip_top_10_2,mcu7t5v0,clkinv_4,False,20
WSLG,WSLG_chip_top_10_2,mcu7t5v0,clkinv_8,False,12
WSLG,WSLG_chip_top_10_2,mcu7t5v0,dfxtp_2,False,1600
WSLG,WSLG_chip_top_10_2,mcu7t5v0,dlyb_2,False,3
WSLG,WSLG_chip_top_10_2,mcu7t5v0,dlyc_2,False,13
WSLG,WSLG_chip_top_10_2,mcu7t5v0,dlyd_2,False,188
WSLG,WSLG_chip_top_10_2,mcu7t5v0,dy_dfxtp_2,False,92
WSLG,WSLG_chip_top_10_2,mcu7t5v0,endcap,True,3978
WSLG,WSLG_chip_top_10_2,mcu7t5v0,fill_1,True,8573
WSLG,WSLG_chip_top_10_2,mcu7t5v0,fill_2,True,6963
WSLG,WSLG_chip_top_10_2,mcu7t5v0,fillcap_16,True,3905
WSLG,WSLG_chip_top_10_2,mcu7t5v0,fillcap_32,True,3598
WSLG,WSLG_chip_top_10_2,mcu7t5v0,fillcap_4,True,39885
WSLG,WSLG_chip_top_10_2,mcu7t5v0,fillcap_64,True,33107
WSLG,WSLG_chip_top_10_2,mcu7t5v0,fillcap_8,True,4760
WSLG,WSLG_chip_top_10_2,mcu7t5v0,filltie,True,40538
WSLG,WSLG_chip_top_10_2,mcu7t5v0,inv_1,False,108
WSLG,WSLG_chip_top_10_2,mcu7t5v0,inv_12,False,1
WSLG,WSLG_chip_top_10_2,mcu7t5v0,inv_2,False,79
WSLG,WSLG_chip_top_10_2,mcu7t5v0,inv_3,False,4
WSLG,WSLG_chip_top_10_2,mcu7t5v0,inv_4,False,10
WSLG,WSLG_chip_top_10_2,mcu7t5v0,inv_8,False,3
WSLG,WSLG_chip_top_10_2,mcu7t5v0,mux2_2,False,2439
WSLG,WSLG_chip_top_10_2,mcu7t5v0,mux4_2,False,72
WSLG,WSLG_chip_top_10_2,mcu7t5v0,nand2_2,False,638
WSLG,WSLG_chip_top_10_2,mcu7t5v0,nand2_4,False,83
WSLG,WSLG_chip_top_10_2,mcu7t5v0,nand3_2,False,120
WSLG,WSLG_chip_top_10_2,mcu7t5v0,nand3_4,False,3
WSLG,WSLG_chip_top_10_2,mcu7t5v0,nand4_2,False,53
WSLG,WSLG_chip_top_10_2,mcu7t5v0,nand4_4,False,2
WSLG,WSLG_chip_top_10_2,mcu7t5v0,nor2_2,False,269
WSLG,WSLG_chip_top_10_2,mcu7t5v0,nor2_4,False,19
WSLG,WSLG_chip_top_10_2,mcu7t5v0,nor3_2,False,55
WSLG,WSLG_chip_top_10_2,mcu7t5v0,nor3_4,False,8
WSLG,WSLG_chip_top_10_2,mcu7t5v0,nor4_2,False,28
WSLG,WSLG_chip_top_10_2,mcu7t5v0,nor4_4,False,1
WSLG,WSLG_chip_top_10_2,mcu7t5v0,oai211_2,False,153
WSLG,WSLG_chip_top_10_2,mcu7t5v0,oai211_4,False,1
WSLG,WSLG_chip_top_10_2,mcu7t5v0,oai21_2,False,247
WSLG,WSLG_chip_top_10_2,mcu7t5v0,oai21_4,False,7
WSLG,WSLG_chip_top_10_2,mcu7t5v0,oai221_2,False,76
WSLG,WSLG_chip_top_10_2,mcu7t5v0,oai221_4,False,4
WSLG,WSLG_chip_top_10_2,mcu7t5v0,oai222_2,False,52
WSLG,WSLG_chip_top_10_2,mcu7t5v0,oai22_2,False,106
WSLG,WSLG_chip_top_10_2,mcu7t5v0,oai22_4,False,2
WSLG,WSLG_chip_top_10_2,mcu7t5v0,oai31_2,False,158
WSLG,WSLG_chip_top_10_2,mcu7t5v0,oai31_4,False,10
WSLG,WSLG_chip_top_10_2,mcu7t5v0,oai32_2,False,34
WSLG,WSLG_chip_top_10_2,mcu7t5v0,oai32_4,False,5
WSLG,WSLG_chip_top_10_2,mcu7t5v0,oai33_1,False,1
WSLG,WSLG_chip_top_10_2,mcu7t5v0,oai33_4,False,5
WSLG,WSLG_chip_top_10_2,mcu7t5v0,or2_2,False,249
WSLG,WSLG_chip_top_10_2,mcu7t5v0,or2_4,False,3
WSLG,WSLG_chip_top_10_2,mcu7t5v0,or3_2,False,186
WSLG,WSLG_chip_top_10_2,mcu7t5v0,or3_4,False,11
WSLG,WSLG_chip_top_10_2,mcu7t5v0,or4_2,False,100
WSLG,WSLG_chip_top_10_2,mcu7t5v0,or4_4,False,4
WSLG,WSLG_chip_top_10_2,mcu7t5v0,tieh,True,33
WSLG,WSLG_chip_top_10_2,mcu7t5v0,tiel,True,153
WSLG,WSLG_chip_top_10_2,mcu7t5v0,xnor2_2,False,237
WSLG,WSLG_chip_top_10_2,mcu7t5v0,xnor3_2,False,16
WSLG,WSLG_chip_top_10_2,mcu7t5v0,xor2_1,False,60
WSLG,WSLG_chip_top_10_2,mcu7t5v0,xor2_2,False,40
WSLG,WSLG_chip_top_10_2,mcu7t5v0,xor3_2,False,1
CHES,CHES_chip_top_10_4,mcu9t5v0,and2_1,False,2738
CHES,CHES_chip_top_10_4,mcu9t5v0,and2_2,False,62
CHES,CHES_chip_top_10_4,mcu9t5v0,and2_4,False,9
CHES,CHES_chip_top_10_4,mcu9t5v0,and3_1,False,1168
CHES,CHES_chip_top_10_4,mcu9t5v0,and3_2,False,26
CHES,CHES_chip_top_10_4,mcu9t5v0,and3_4,False,1
CHES,CHES_chip_top_10_4,mcu9t5v0,and4_1,False,813
CHES,CHES_chip_top_10_4,mcu9t5v0,and4_2,False,27
CHES,CHES_chip_top_10_4,mcu9t5v0,antenna,True,393
CHES,CHES_chip_top_10_4,mcu9t5v0,aoi211_1,False,2502
CHES,CHES_chip_top_10_4,mcu9t5v0,aoi211_2,False,142
CHES,CHES_chip_top_10_4,mcu9t5v0,aoi211_4,False,12
CHES,CHES_chip_top_10_4,mcu9t5v0,aoi21_1,False,6916
CHES,CHES_chip_top_10_4,mcu9t5v0,aoi21_2,False,226
CHES,CHES_chip_top_10_4,mcu9t5v0,aoi21_4,False,37
CHES,CHES_chip_top_10_4,mcu9t5v0,aoi221_1,False,1410
CHES,CHES_chip_top_10_4,mcu9t5v0,aoi221_2,False,136
CHES,CHES_chip_top_10_4,mcu9t5v0,aoi221_4,False,13
CHES,CHES_chip_top_10_4,mcu9t5v0,aoi222_1,False,280
CHES,CHES_chip_top_10_4,mcu9t5v0,aoi222_2,False,10
CHES,CHES_chip_top_10_4,mcu9t5v0,aoi22_1,False,1949
CHES,CHES_chip_top_10_4,mcu9t5v0,aoi22_2,False,125
CHES,CHES_chip_top_10_4,mcu9t5v0,aoi22_4,False,24
CHES,CHES_chip_top_10_4,mcu9t5v0,buf_1,False,5343
CHES,CHES_chip_top_10_4,mcu9t5v0,buf_12,False,29
CHES,CHES_chip_top_10_4,mcu9t5v0,buf_16,False,1
CHES,CHES_chip_top_10_4,mcu9t5v0,buf_2,False,5031
CHES,CHES_chip_top_10_4,mcu9t5v0,buf_3,False,53
CHES,CHES_chip_top_10_4,mcu9t5v0,buf_4,False,4801
CHES,CHES_chip_top_10_4,mcu9t5v0,buf_8,False,164
CHES,CHES_chip_top_10_4,mcu9t5v0,clkbuf_1,False,1809
CHES,CHES_chip_top_10_4,mcu9t5v0,clkbuf_12,False,38
CHES,CHES_chip_top_10_4,mcu9t5v0,clkbuf_16,False,68
CHES,CHES_chip_top_10_4,mcu9t5v0,clkbuf_2,False,4205
CHES,CHES_chip_top_10_4,mcu9t5v0,clkbuf_20,False,1
CHES,CHES_chip_top_10_4,mcu9t5v0,clkbuf_3,False,220
CHES,CHES_chip_top_10_4,mcu9t5v0,clkbuf_4,False,2159
CHES,CHES_chip_top_10_4,mcu9t5v0,clkbuf_8,False,4160
CHES,CHES_chip_top_10_4,mcu9t5v0,clkinv_1,False,4429
CHES,CHES_chip_top_10_4,mcu9t5v0,clkinv_12,False,4
CHES,CHES_chip_top_10_4,mcu9t5v0,clkinv_16,False,4
CHES,CHES_chip_top_10_4,mcu9t5v0,clkinv_2,False,18
CHES,CHES_chip_top_10_4,mcu9t5v0,clkinv_20,False,1
CHES,CHES_chip_top_10_4,mcu9t5v0,clkinv_3,False,1
CHES,CHES_chip_top_10_4,mcu9t5v0,clkinv_4,False,1
CHES,CHES_chip_top_10_4,mcu9t5v0,clkinv_8,False,27
CHES,CHES_chip_top_10_4,mcu9t5v0,dffq_1,False,1256
CHES,CHES_chip_top_10_4,mcu9t5v0,dffrnq_1,False,4095
CHES,CHES_chip_top_10_4,mcu9t5v0,dffrnq_2,False,112
CHES,CHES_chip_top_10_4,mcu9t5v0,dffrnq_4,False,7
CHES,CHES_chip_top_10_4,mcu9t5v0,dffsnq_1,False,2061
CHES,CHES_chip_top_10_4,mcu9t5v0,dffsnq_2,False,19
CHES,CHES_chip_top_10_4,mcu9t5v0,dlya_1,False,364
CHES,CHES_chip_top_10_4,mcu9t5v0,dlyb_1,False,236
CHES,CHES_chip_top_10_4,mcu9t5v0,dlyc_1,False,3823
CHES,CHES_chip_top_10_4,mcu9t5v0,dlyd_1,False,1682
CHES,CHES_chip_top_10_4,mcu9t5v0,endcap,True,1680
CHES,CHES_chip_top_10_4,mcu9t5v0,fill_1,True,70664
CHES,CHES_chip_top_10_4,mcu9t5v0,fill_2,True,68829
CHES,CHES_chip_top_10_4,mcu9t5v0,fillcap_16,True,42643
CHES,CHES_chip_top_10_4,mcu9t5v0,fillcap_32,True,23628
CHES,CHES_chip_top_10_4,mcu9t5v0,fillcap_4,True,71707
CHES,CHES_chip_top_10_4,mcu9t5v0,fillcap_64,True,7612
CHES,CHES_chip_top_10_4,mcu9t5v0,fillcap_8,True,53803
CHES,CHES_chip_top_10_4,mcu9t5v0,filltie,True,65263
CHES,CHES_chip_top_10_4,mcu9t5v0,inv_1,False,145
CHES,CHES_chip_top_10_4,mcu9t5v0,inv_12,False,1
CHES,CHES_chip_top_10_4,mcu9t5v0,inv_2,False,140
CHES,CHES_chip_top_10_4,mcu9t5v0,inv_20,False,2
CHES,CHES_chip_top_10_4,mcu9t5v0,inv_3,False,89
CHES,CHES_chip_top_10_4,mcu9t5v0,inv_4,False,53
CHES,CHES_chip_top_10_4,mcu9t5v0,inv_8,False,16
CHES,CHES_chip_top_10_4,mcu9t5v0,mux2_1,False,11415
CHES,CHES_chip_top_10_4,mcu9t5v0,mux2_2,False,69
CHES,CHES_chip_top_10_4,mcu9t5v0,mux2_4,False,31
CHES,CHES_chip_top_10_4,mcu9t5v0,mux4_1,False,142
CHES,CHES_chip_top_10_4,mcu9t5v0,nand2_1,False,20053
CHES,CHES_chip_top_10_4,mcu9t5v0,nand2_2,False,109
CHES,CHES_chip_top_10_4,mcu9t5v0,nand2_4,False,85
CHES,CHES_chip_top_10_4,mcu9t5v0,nand3_1,False,4697
CHES,CHES_chip_top_10_4,mcu9t5v0,nand3_2,False,100
CHES,CHES_chip_top_10_4,mcu9t5v0,nand3_4,False,36
CHES,CHES_chip_top_10_4,mcu9t5v0,nand4_1,False,3008
CHES,CHES_chip_top_10_4,mcu9t5v0,nand4_2,False,93
CHES,CHES_chip_top_10_4,mcu9t5v0,nand4_4,False,24
CHES,CHES_chip_top_10_4,mcu9t5v0,nor2_1,False,11610
CHES,CHES_chip_top_10_4,mcu9t5v0,nor2_2,False,240
CHES,CHES_chip_top_10_4,mcu9t5v0,nor2_4,False,111
CHES,CHES_chip_top_10_4,mcu9t5v0,nor3_1,False,2911
CHES,CHES_chip_top_10_4,mcu9t5v0,nor3_2,False,193
CHES,CHES_chip_top_10_4,mcu9t5v0,nor3_4,False,45
CHES,CHES_chip_top_10_4,mcu9t5v0,nor4_1,False,1893
CHES,CHES_chip_top_10_4,mcu9t5v0,nor4_2,False,186
CHES,CHES_chip_top_10_4,mcu9t5v0,nor4_4,False,68
CHES,CHES_chip_top_10_4,mcu9t5v0,oai211_1,False,2984
CHES,CHES_chip_top_10_4,mcu9t5v0,oai211_2,False,91
CHES,CHES_chip_top_10_4,mcu9t5v0,oai211_4,False,8
CHES,CHES_chip_top_10_4,mcu9t5v0,oai21_1,False,7132
CHES,CHES_chip_top_10_4,mcu9t5v0,oai21_2,False,349
CHES,CHES_chip_top_10_4,mcu9t5v0,oai21_4,False,31
CHES,CHES_chip_top_10_4,mcu9t5v0,oai221_1,False,1036
CHES,CHES_chip_top_10_4,mcu9t5v0,oai221_2,False,49
CHES,CHES_chip_top_10_4,mcu9t5v0,oai221_4,False,6
CHES,CHES_chip_top_10_4,mcu9t5v0,oai222_1,False,313
CHES,CHES_chip_top_10_4,mcu9t5v0,oai222_2,False,14
CHES,CHES_chip_top_10_4,mcu9t5v0,oai222_4,False,1
CHES,CHES_chip_top_10_4,mcu9t5v0,oai22_1,False,1117
CHES,CHES_chip_top_10_4,mcu9t5v0,oai22_2,False,70
CHES,CHES_chip_top_10_4,mcu9t5v0,oai22_4,False,20
CHES,CHES_chip_top_10_4,mcu9t5v0,oai31_1,False,2409
CHES,CHES_chip_top_10_4,mcu9t5v0,oai31_2,False,209
CHES,CHES_chip_top_10_4,mcu9t5v0,oai31_4,False,35
CHES,CHES_chip_top_10_4,mcu9t5v0,oai32_1,False,416
CHES,CHES_chip_top_10_4,mcu9t5v0,oai32_2,False,32
CHES,CHES_chip_top_10_4,mcu9t5v0,oai32_4,False,16
CHES,CHES_chip_top_10_4,mcu9t5v0,oai33_1,False,308
CHES,CHES_chip_top_10_4,mcu9t5v0,oai33_2,False,40
CHES,CHES_chip_top_10_4,mcu9t5v0,oai33_4,False,13
CHES,CHES_chip_top_10_4,mcu9t5v0,or2_1,False,2792
CHES,CHES_chip_top_10_4,mcu9t5v0,or2_2,False,69
CHES,CHES_chip_top_10_4,mcu9t5v0,or2_4,False,10
CHES,CHES_chip_top_10_4,mcu9t5v0,or3_1,False,626
CHES,CHES_chip_top_10_4,mcu9t5v0,or3_2,False,50
CHES,CHES_chip_top_10_4,mcu9t5v0,or3_4,False,3
CHES,CHES_chip_top_10_4,mcu9t5v0,or4_1,False,456
CHES,CHES_chip_top_10_4,mcu9t5v0,or4_2,False,87
CHES,CHES_chip_top_10_4,mcu9t5v0,or4_4,False,4
CHES,CHES_chip_top_10_4,mcu9t5v0,tieh,True,52
CHES,CHES_chip_top_10_4,mcu9t5v0,tiel,True,245
CHES,CHES_chip_top_10_4,mcu9t5v0,xnor2_1,False,1002
CHES,CHES_chip_top_10_4,mcu9t5v0,xnor2_2,False,101
CHES,CHES_chip_top_10_4,mcu9t5v0,xnor2_4,False,49
CHES,CHES_chip_top_10_4,mcu9t5v0,xnor3_1,False,24
CHES,CHES_chip_top_10_4,mcu9t5v0,xor2_1,False,565
CHES,CHES_chip_top_10_4,mcu9t5v0,xor2_2,False,56
CHES,CHES_chip_top_10_4,mcu9t5v0,xor2_4,False,61
CHES,CHES_chip_top_10_4,mcu9t5v0,xor3_1,False,9
MOS2,MOS2_chip_top_10_6,mcu9t5v0,filltie,True,26
MOS2,MOS2_chip_top_10_6,mcu9t5v0,tieh,True,13
MOS2,MOS2_chip_top_10_6,mcu9t5v0,tiel,True,13
GD04,GD04_chip_top_10_8,mcu9t5v0,and2_1,False,137
GD04,GD04_chip_top_10_8,mcu9t5v0,and2_2,False,33
GD04,GD04_chip_top_10_8,mcu9t5v0,and2_4,False,43
GD04,GD04_chip_top_10_8,mcu9t5v0,and3_1,False,9
GD04,GD04_chip_top_10_8,mcu9t5v0,and3_2,False,1
GD04,GD04_chip_top_10_8,mcu9t5v0,and3_4,False,13
GD04,GD04_chip_top_10_8,mcu9t5v0,and4_1,False,24
GD04,GD04_chip_top_10_8,mcu9t5v0,and4_2,False,7
GD04,GD04_chip_top_10_8,mcu9t5v0,antenna,True,39030
GD04,GD04_chip_top_10_8,mcu9t5v0,aoi211_1,False,34
GD04,GD04_chip_top_10_8,mcu9t5v0,aoi211_2,False,11
GD04,GD04_chip_top_10_8,mcu9t5v0,aoi211_4,False,13
GD04,GD04_chip_top_10_8,mcu9t5v0,aoi21_1,False,990
GD04,GD04_chip_top_10_8,mcu9t5v0,aoi21_2,False,201
GD04,GD04_chip_top_10_8,mcu9t5v0,aoi21_4,False,189
GD04,GD04_chip_top_10_8,mcu9t5v0,aoi221_1,False,248
GD04,GD04_chip_top_10_8,mcu9t5v0,aoi221_2,False,11
GD04,GD04_chip_top_10_8,mcu9t5v0,aoi22_1,False,396
GD04,GD04_chip_top_10_8,mcu9t5v0,aoi22_2,False,159
GD04,GD04_chip_top_10_8,mcu9t5v0,aoi22_4,False,27
GD04,GD04_chip_top_10_8,mcu9t5v0,buf_1,False,455
GD04,GD04_chip_top_10_8,mcu9t5v0,buf_2,False,274
GD04,GD04_chip_top_10_8,mcu9t5v0,buf_3,False,35
GD04,GD04_chip_top_10_8,mcu9t5v0,buf_4,False,937
GD04,GD04_chip_top_10_8,mcu9t5v0,buf_8,False,46
GD04,GD04_chip_top_10_8,mcu9t5v0,clkbuf_1,False,2
GD04,GD04_chip_top_10_8,mcu9t5v0,clkbuf_12,False,5
GD04,GD04_chip_top_10_8,mcu9t5v0,clkbuf_16,False,37
GD04,GD04_chip_top_10_8,mcu9t5v0,clkbuf_2,False,72
GD04,GD04_chip_top_10_8,mcu9t5v0,clkbuf_3,False,41
GD04,GD04_chip_top_10_8,mcu9t5v0,clkbuf_4,False,362
GD04,GD04_chip_top_10_8,mcu9t5v0,clkbuf_8,False,1129
GD04,GD04_chip_top_10_8,mcu9t5v0,clkinv_1,False,2456
GD04,GD04_chip_top_10_8,mcu9t5v0,clkinv_12,False,25
GD04,GD04_chip_top_10_8,mcu9t5v0,clkinv_16,False,7
GD04,GD04_chip_top_10_8,mcu9t5v0,clkinv_2,False,82
GD04,GD04_chip_top_10_8,mcu9t5v0,clkinv_3,False,11
GD04,GD04_chip_top_10_8,mcu9t5v0,clkinv_4,False,14
GD04,GD04_chip_top_10_8,mcu9t5v0,clkinv_8,False,36
GD04,GD04_chip_top_10_8,mcu9t5v0,dlya_1,False,2
GD04,GD04_chip_top_10_8,mcu9t5v0,dlyc_1,False,25
GD04,GD04_chip_top_10_8,mcu9t5v0,dlyd_1,False,2774
GD04,GD04_chip_top_10_8,mcu9t5v0,endcap,True,1724
GD04,GD04_chip_top_10_8,mcu9t5v0,fill_1,True,13142
GD04,GD04_chip_top_10_8,mcu9t5v0,fill_2,True,4683
GD04,GD04_chip_top_10_8,mcu9t5v0,fillcap_16,True,2272
GD04,GD04_chip_top_10_8,mcu9t5v0,fillcap_32,True,1830
GD04,GD04_chip_top_10_8,mcu9t5v0,fillcap_4,True,11438
GD04,GD04_chip_top_10_8,mcu9t5v0,fillcap_64,True,7708
GD04,GD04_chip_top_10_8,mcu9t5v0,fillcap_8,True,3006
GD04,GD04_chip_top_10_8,mcu9t5v0,filltie,True,18815
GD04,GD04_chip_top_10_8,mcu9t5v0,inv_1,False,397
GD04,GD04_chip_top_10_8,mcu9t5v0,inv_12,False,17
GD04,GD04_chip_top_10_8,mcu9t5v0,inv_16,False,16
GD04,GD04_chip_top_10_8,mcu9t5v0,inv_2,False,299
GD04,GD04_chip_top_10_8,mcu9t5v0,inv_20,False,36
GD04,GD04_chip_top_10_8,mcu9t5v0,inv_3,False,200
GD04,GD04_chip_top_10_8,mcu9t5v0,inv_4,False,146
GD04,GD04_chip_top_10_8,mcu9t5v0,inv_8,False,129
GD04,GD04_chip_top_10_8,mcu9t5v0,mux2_1,False,452
GD04,GD04_chip_top_10_8,mcu9t5v0,mux2_2,False,366
GD04,GD04_chip_top_10_8,mcu9t5v0,mux2_4,False,32
GD04,GD04_chip_top_10_8,mcu9t5v0,nand2_1,False,7375
GD04,GD04_chip_top_10_8,mcu9t5v0,nand2_2,False,1105
GD04,GD04_chip_top_10_8,mcu9t5v0,nand2_4,False,840
GD04,GD04_chip_top_10_8,mcu9t5v0,nand3_1,False,1346
GD04,GD04_chip_top_10_8,mcu9t5v0,nand3_2,False,148
GD04,GD04_chip_top_10_8,mcu9t5v0,nand3_4,False,119
GD04,GD04_chip_top_10_8,mcu9t5v0,nand4_1,False,281
GD04,GD04_chip_top_10_8,mcu9t5v0,nand4_2,False,40
GD04,GD04_chip_top_10_8,mcu9t5v0,nand4_4,False,23
GD04,GD04_chip_top_10_8,mcu9t5v0,nor2_1,False,957
GD04,GD04_chip_top_10_8,mcu9t5v0,nor2_2,False,377
GD04,GD04_chip_top_10_8,mcu9t5v0,nor2_4,False,327
GD04,GD04_chip_top_10_8,mcu9t5v0,nor3_1,False,93
GD04,GD04_chip_top_10_8,mcu9t5v0,nor3_2,False,34
GD04,GD04_chip_top_10_8,mcu9t5v0,nor3_4,False,77
GD04,GD04_chip_top_10_8,mcu9t5v0,nor4_1,False,25
GD04,GD04_chip_top_10_8,mcu9t5v0,nor4_2,False,2
GD04,GD04_chip_top_10_8,mcu9t5v0,nor4_4,False,4
GD04,GD04_chip_top_10_8,mcu9t5v0,oai211_1,False,279
GD04,GD04_chip_top_10_8,mcu9t5v0,oai211_2,False,33
GD04,GD04_chip_top_10_8,mcu9t5v0,oai211_4,False,6
GD04,GD04_chip_top_10_8,mcu9t5v0,oai21_1,False,2556
GD04,GD04_chip_top_10_8,mcu9t5v0,oai21_2,False,1369
GD04,GD04_chip_top_10_8,mcu9t5v0,oai21_4,False,185
GD04,GD04_chip_top_10_8,mcu9t5v0,oai221_1,False,149
GD04,GD04_chip_top_10_8,mcu9t5v0,oai221_2,False,7
GD04,GD04_chip_top_10_8,mcu9t5v0,oai22_1,False,187
GD04,GD04_chip_top_10_8,mcu9t5v0,oai22_2,False,205
GD04,GD04_chip_top_10_8,mcu9t5v0,oai22_4,False,7
GD04,GD04_chip_top_10_8,mcu9t5v0,oai31_1,False,38
GD04,GD04_chip_top_10_8,mcu9t5v0,oai31_2,False,16
GD04,GD04_chip_top_10_8,mcu9t5v0,oai31_4,False,21
GD04,GD04_chip_top_10_8,mcu9t5v0,oai32_2,False,1
GD04,GD04_chip_top_10_8,mcu9t5v0,or2_1,False,175
GD04,GD04_chip_top_10_8,mcu9t5v0,or2_2,False,34
GD04,GD04_chip_top_10_8,mcu9t5v0,or2_4,False,56
GD04,GD04_chip_top_10_8,mcu9t5v0,or3_1,False,6
GD04,GD04_chip_top_10_8,mcu9t5v0,or3_4,False,1
GD04,GD04_chip_top_10_8,mcu9t5v0,or4_1,False,2
GD04,GD04_chip_top_10_8,mcu9t5v0,or4_2,False,1
GD04,GD04_chip_top_10_8,mcu9t5v0,sdffq_1,False,1434
GD04,GD04_chip_top_10_8,mcu9t5v0,sdffrnq_1,False,1993
GD04,GD04_chip_top_10_8,mcu9t5v0,sdffrnq_2,False,1
GD04,GD04_chip_top_10_8,mcu9t5v0,sdffsnq_1,False,127
GD04,GD04_chip_top_10_8,mcu9t5v0,tieh,True,29
GD04,GD04_chip_top_10_8,mcu9t5v0,tiel,True,488
CAFE,CAFE_chip_top_12_0,mcu7t5v0,and2_1,False,648
CAFE,CAFE_chip_top_12_0,mcu7t5v0,and2_2,False,1
CAFE,CAFE_chip_top_12_0,mcu7t5v0,and2_4,False,4
CAFE,CAFE_chip_top_12_0,mcu7t5v0,and3_1,False,159
CAFE,CAFE_chip_top_12_0,mcu7t5v0,and4_1,False,95
CAFE,CAFE_chip_top_12_0,mcu7t5v0,and4_2,False,1
CAFE,CAFE_chip_top_12_0,mcu7t5v0,antenna,True,648
CAFE,CAFE_chip_top_12_0,mcu7t5v0,aoi211_1,False,382
CAFE,CAFE_chip_top_12_0,mcu7t5v0,aoi211_2,False,11
CAFE,CAFE_chip_top_12_0,mcu7t5v0,aoi211_4,False,7
CAFE,CAFE_chip_top_12_0,mcu7t5v0,aoi21_1,False,3407
CAFE,CAFE_chip_top_12_0,mcu7t5v0,aoi21_2,False,31
CAFE,CAFE_chip_top_12_0,mcu7t5v0,aoi21_4,False,82
CAFE,CAFE_chip_top_12_0,mcu7t5v0,aoi221_1,False,1029
CAFE,CAFE_chip_top_12_0,mcu7t5v0,aoi221_2,False,9
CAFE,CAFE_chip_top_12_0,mcu7t5v0,aoi221_4,False,11
CAFE,CAFE_chip_top_12_0,mcu7t5v0,aoi222_1,False,317
CAFE,CAFE_chip_top_12_0,mcu7t5v0,aoi222_2,False,1
CAFE,CAFE_chip_top_12_0,mcu7t5v0,aoi22_1,False,4760
CAFE,CAFE_chip_top_12_0,mcu7t5v0,aoi22_2,False,53
CAFE,CAFE_chip_top_12_0,mcu7t5v0,aoi22_4,False,135
CAFE,CAFE_chip_top_12_0,mcu7t5v0,buf_1,False,1605
CAFE,CAFE_chip_top_12_0,mcu7t5v0,buf_12,False,347
CAFE,CAFE_chip_top_12_0,mcu7t5v0,buf_2,False,10031
CAFE,CAFE_chip_top_12_0,mcu7t5v0,buf_3,False,685
CAFE,CAFE_chip_top_12_0,mcu7t5v0,buf_4,False,5045
CAFE,CAFE_chip_top_12_0,mcu7t5v0,buf_8,False,1967
CAFE,CAFE_chip_top_12_0,mcu7t5v0,clkbuf_1,False,768
CAFE,CAFE_chip_top_12_0,mcu7t5v0,clkbuf_12,False,20
CAFE,CAFE_chip_top_12_0,mcu7t5v0,clkbuf_16,False,105
CAFE,CAFE_chip_top_12_0,mcu7t5v0,clkbuf_2,False,648
CAFE,CAFE_chip_top_12_0,mcu7t5v0,clkbuf_3,False,1278
CAFE,CAFE_chip_top_12_0,mcu7t5v0,clkbuf_4,False,480
CAFE,CAFE_chip_top_12_0,mcu7t5v0,clkbuf_8,False,2267
CAFE,CAFE_chip_top_12_0,mcu7t5v0,clkinv_1,False,1088
CAFE,CAFE_chip_top_12_0,mcu7t5v0,clkinv_12,False,28
CAFE,CAFE_chip_top_12_0,mcu7t5v0,clkinv_16,False,8
CAFE,CAFE_chip_top_12_0,mcu7t5v0,clkinv_2,False,52
CAFE,CAFE_chip_top_12_0,mcu7t5v0,clkinv_20,False,3
CAFE,CAFE_chip_top_12_0,mcu7t5v0,clkinv_3,False,6
CAFE,CAFE_chip_top_12_0,mcu7t5v0,clkinv_4,False,152
CAFE,CAFE_chip_top_12_0,mcu7t5v0,clkinv_8,False,117
CAFE,CAFE_chip_top_12_0,mcu7t5v0,dffq_1,False,18190
CAFE,CAFE_chip_top_12_0,mcu7t5v0,dffq_2,False,58
CAFE,CAFE_chip_top_12_0,mcu7t5v0,dffq_4,False,3
CAFE,CAFE_chip_top_12_0,mcu7t5v0,dffrnq_1,False,481
CAFE,CAFE_chip_top_12_0,mcu7t5v0,dffrnq_2,False,16
CAFE,CAFE_chip_top_12_0,mcu7t5v0,dffrnq_4,False,53
CAFE,CAFE_chip_top_12_0,mcu7t5v0,dffsnq_1,False,36
CAFE,CAFE_chip_top_12_0,mcu7t5v0,dffsnq_4,False,2
CAFE,CAFE_chip_top_12_0,mcu7t5v0,dlyb_1,False,8991
CAFE,CAFE_chip_top_12_0,mcu7t5v0,dlyc_1,False,151
CAFE,CAFE_chip_top_12_0,mcu7t5v0,endcap,True,10090
CAFE,CAFE_chip_top_12_0,mcu7t5v0,fill_1,True,44546
CAFE,CAFE_chip_top_12_0,mcu7t5v0,fill_2,True,42068
CAFE,CAFE_chip_top_12_0,mcu7t5v0,fillcap_16,True,15471
CAFE,CAFE_chip_top_12_0,mcu7t5v0,fillcap_32,True,10203
CAFE,CAFE_chip_top_12_0,mcu7t5v0,fillcap_4,True,50314
CAFE,CAFE_chip_top_12_0,mcu7t5v0,fillcap_64,True,13861
CAFE,CAFE_chip_top_12_0,mcu7t5v0,fillcap_8,True,26490
CAFE,CAFE_chip_top_12_0,mcu7t5v0,filltie,True,52918
CAFE,CAFE_chip_top_12_0,mcu7t5v0,icgtp_4,False,12
CAFE,CAFE_chip_top_12_0,mcu7t5v0,inv_1,False,78
CAFE,CAFE_chip_top_12_0,mcu7t5v0,inv_12,False,9
CAFE,CAFE_chip_top_12_0,mcu7t5v0,inv_16,False,1
CAFE,CAFE_chip_top_12_0,mcu7t5v0,inv_2,False,306
CAFE,CAFE_chip_top_12_0,mcu7t5v0,inv_20,False,11
CAFE,CAFE_chip_top_12_0,mcu7t5v0,inv_3,False,213
CAFE,CAFE_chip_top_12_0,mcu7t5v0,inv_4,False,206
CAFE,CAFE_chip_top_12_0,mcu7t5v0,inv_8,False,22
CAFE,CAFE_chip_top_12_0,mcu7t5v0,mux2_2,False,16598
CAFE,CAFE_chip_top_12_0,mcu7t5v0,mux2_4,False,28
CAFE,CAFE_chip_top_12_0,mcu7t5v0,mux4_1,False,288
CAFE,CAFE_chip_top_12_0,mcu7t5v0,mux4_2,False,1
CAFE,CAFE_chip_top_12_0,mcu7t5v0,mux4_4,False,1
CAFE,CAFE_chip_top_12_0,mcu7t5v0,nand2_1,False,5456
CAFE,CAFE_chip_top_12_0,mcu7t5v0,nand2_2,False,45
CAFE,CAFE_chip_top_12_0,mcu7t5v0,nand2_4,False,15
CAFE,CAFE_chip_top_12_0,mcu7t5v0,nand3_1,False,1153
CAFE,CAFE_chip_top_12_0,mcu7t5v0,nand3_2,False,18
CAFE,CAFE_chip_top_12_0,mcu7t5v0,nand3_4,False,8
CAFE,CAFE_chip_top_12_0,mcu7t5v0,nand4_1,False,367
CAFE,CAFE_chip_top_12_0,mcu7t5v0,nand4_2,False,4
CAFE,CAFE_chip_top_12_0,mcu7t5v0,nand4_4,False,1
CAFE,CAFE_chip_top_12_0,mcu7t5v0,nor2_1,False,2753
CAFE,CAFE_chip_top_12_0,mcu7t5v0,nor2_2,False,43
CAFE,CAFE_chip_top_12_0,mcu7t5v0,nor2_4,False,18
CAFE,CAFE_chip_top_12_0,mcu7t5v0,nor3_1,False,458
CAFE,CAFE_chip_top_12_0,mcu7t5v0,nor3_2,False,25
CAFE,CAFE_chip_top_12_0,mcu7t5v0,nor3_4,False,20
CAFE,CAFE_chip_top_12_0,mcu7t5v0,nor4_1,False,269
CAFE,CAFE_chip_top_12_0,mcu7t5v0,nor4_2,False,22
CAFE,CAFE_chip_top_12_0,mcu7t5v0,nor4_4,False,15
CAFE,CAFE_chip_top_12_0,mcu7t5v0,oai211_1,False,802
CAFE,CAFE_chip_top_12_0,mcu7t5v0,oai211_2,False,8
CAFE,CAFE_chip_top_12_0,mcu7t5v0,oai21_1,False,2681
CAFE,CAFE_chip_top_12_0,mcu7t5v0,oai21_2,False,11
CAFE,CAFE_chip_top_12_0,mcu7t5v0,oai21_4,False,49
CAFE,CAFE_chip_top_12_0,mcu7t5v0,oai221_1,False,203
CAFE,CAFE_chip_top_12_0,mcu7t5v0,oai222_1,False,18
CAFE,CAFE_chip_top_12_0,mcu7t5v0,oai22_1,False,1354
CAFE,CAFE_chip_top_12_0,mcu7t5v0,oai22_2,False,13
CAFE,CAFE_chip_top_12_0,mcu7t5v0,oai22_4,False,30
CAFE,CAFE_chip_top_12_0,mcu7t5v0,oai31_1,False,203
CAFE,CAFE_chip_top_12_0,mcu7t5v0,oai31_2,False,11
CAFE,CAFE_chip_top_12_0,mcu7t5v0,oai31_4,False,10
CAFE,CAFE_chip_top_12_0,mcu7t5v0,oai32_1,False,62
CAFE,CAFE_chip_top_12_0,mcu7t5v0,oai32_2,False,7
CAFE,CAFE_chip_top_12_0,mcu7t5v0,oai32_4,False,12
CAFE,CAFE_chip_top_12_0,mcu7t5v0,oai33_1,False,10
CAFE,CAFE_chip_top_12_0,mcu7t5v0,or2_1,False,233
CAFE,CAFE_chip_top_12_0,mcu7t5v0,or2_2,False,3
CAFE,CAFE_chip_top_12_0,mcu7t5v0,or2_4,False,2
CAFE,CAFE_chip_top_12_0,mcu7t5v0,or3_1,False,105
CAFE,CAFE_chip_top_12_0,mcu7t5v0,or3_2,False,3
CAFE,CAFE_chip_top_12_0,mcu7t5v0,or4_1,False,56
CAFE,CAFE_chip_top_12_0,mcu7t5v0,tieh,True,39
CAFE,CAFE_chip_top_12_0,mcu7t5v0,tiel,True,348
CAFE,CAFE_chip_top_12_0,mcu7t5v0,xnor2_1,False,72
CAFE,CAFE_chip_top_12_0,mcu7t5v0,xnor2_2,False,2
CAFE,CAFE_chip_top_12_0,mcu7t5v0,xnor3_1,False,1
CAFE,CAFE_chip_top_12_0,mcu7t5v0,xor2_1,False,277
CAFE,CAFE_chip_top_12_0,mcu7t5v0,xor2_2,False,2
CAFE,CAFE_chip_top_12_0,mcu7t5v0,xor3_1,False,18
ISHI,ISHI_ISHI-KAI_WS_RUN1_12_4,mcu7t5v0,filltie,True,21
ISHI,ISHI_ISHI-KAI_WS_RUN1_12_4,mcu7t5v0,tieh,True,8
ISHI,ISHI_ISHI-KAI_WS_RUN1_12_4,mcu7t5v0,tiel,True,34
RBOY,RBOY_chip_top_12_6,mcu9t5v0,and2_1,False,1395
RBOY,RBOY_chip_top_12_6,mcu9t5v0,and2_2,False,155
RBOY,RBOY_chip_top_12_6,mcu9t5v0,and2_4,False,58
RBOY,RBOY_chip_top_12_6,mcu9t5v0,and3_1,False,73
RBOY,RBOY_chip_top_12_6,mcu9t5v0,and3_2,False,6
RBOY,RBOY_chip_top_12_6,mcu9t5v0,and3_4,False,3
RBOY,RBOY_chip_top_12_6,mcu9t5v0,and4_1,False,67
RBOY,RBOY_chip_top_12_6,mcu9t5v0,and4_2,False,1
RBOY,RBOY_chip_top_12_6,mcu9t5v0,and4_4,False,4
RBOY,RBOY_chip_top_12_6,mcu9t5v0,antenna,True,309
RBOY,RBOY_chip_top_12_6,mcu9t5v0,aoi211_1,False,49
RBOY,RBOY_chip_top_12_6,mcu9t5v0,aoi211_2,False,32
RBOY,RBOY_chip_top_12_6,mcu9t5v0,aoi211_4,False,59
RBOY,RBOY_chip_top_12_6,mcu9t5v0,aoi21_1,False,633
RBOY,RBOY_chip_top_12_6,mcu9t5v0,aoi21_2,False,137
RBOY,RBOY_chip_top_12_6,mcu9t5v0,aoi21_4,False,442
RBOY,RBOY_chip_top_12_6,mcu9t5v0,aoi221_1,False,68
RBOY,RBOY_chip_top_12_6,mcu9t5v0,aoi221_2,False,68
RBOY,RBOY_chip_top_12_6,mcu9t5v0,aoi221_4,False,268
RBOY,RBOY_chip_top_12_6,mcu9t5v0,aoi22_1,False,248
RBOY,RBOY_chip_top_12_6,mcu9t5v0,aoi22_2,False,111
RBOY,RBOY_chip_top_12_6,mcu9t5v0,aoi22_4,False,439
RBOY,RBOY_chip_top_12_6,mcu9t5v0,buf_1,False,7
RBOY,RBOY_chip_top_12_6,mcu9t5v0,buf_12,False,28
RBOY,RBOY_chip_top_12_6,mcu9t5v0,buf_16,False,254
RBOY,RBOY_chip_top_12_6,mcu9t5v0,buf_2,False,85
RBOY,RBOY_chip_top_12_6,mcu9t5v0,buf_20,False,100
RBOY,RBOY_chip_top_12_6,mcu9t5v0,buf_3,False,19
RBOY,RBOY_chip_top_12_6,mcu9t5v0,buf_4,False,337
RBOY,RBOY_chip_top_12_6,mcu9t5v0,buf_8,False,727
RBOY,RBOY_chip_top_12_6,mcu9t5v0,clkbuf_1,False,74
RBOY,RBOY_chip_top_12_6,mcu9t5v0,clkbuf_12,False,199
RBOY,RBOY_chip_top_12_6,mcu9t5v0,clkbuf_16,False,448
RBOY,RBOY_chip_top_12_6,mcu9t5v0,clkbuf_2,False,24
RBOY,RBOY_chip_top_12_6,mcu9t5v0,clkbuf_20,False,624
RBOY,RBOY_chip_top_12_6,mcu9t5v0,clkbuf_3,False,38
RBOY,RBOY_chip_top_12_6,mcu9t5v0,clkbuf_4,False,130
RBOY,RBOY_chip_top_12_6,mcu9t5v0,clkbuf_8,False,584
RBOY,RBOY_chip_top_12_6,mcu9t5v0,clkinv_1,False,5513
RBOY,RBOY_chip_top_12_6,mcu9t5v0,clkinv_12,False,30
RBOY,RBOY_chip_top_12_6,mcu9t5v0,clkinv_16,False,8
RBOY,RBOY_chip_top_12_6,mcu9t5v0,clkinv_2,False,524
RBOY,RBOY_chip_top_12_6,mcu9t5v0,clkinv_20,False,6
RBOY,RBOY_chip_top_12_6,mcu9t5v0,clkinv_3,False,12
RBOY,RBOY_chip_top_12_6,mcu9t5v0,clkinv_4,False,31
RBOY,RBOY_chip_top_12_6,mcu9t5v0,clkinv_8,False,51
RBOY,RBOY_chip_top_12_6,mcu9t5v0,dffnq_4,False,16
RBOY,RBOY_chip_top_12_6,mcu9t5v0,dffq_1,False,207
RBOY,RBOY_chip_top_12_6,mcu9t5v0,dffq_2,False,49
RBOY,RBOY_chip_top_12_6,mcu9t5v0,dffq_4,False,47
RBOY,RBOY_chip_top_12_6,mcu9t5v0,dffrnq_1,False,463
RBOY,RBOY_chip_top_12_6,mcu9t5v0,dffrnq_2,False,36
RBOY,RBOY_chip_top_12_6,mcu9t5v0,dffrnq_4,False,59
RBOY,RBOY_chip_top_12_6,mcu9t5v0,dffsnq_1,False,19
RBOY,RBOY_chip_top_12_6,mcu9t5v0,dffsnq_2,False,2
RBOY,RBOY_chip_top_12_6,mcu9t5v0,dffsnq_4,False,1
RBOY,RBOY_chip_top_12_6,mcu9t5v0,dlya_1,False,5
RBOY,RBOY_chip_top_12_6,mcu9t5v0,dlyc_1,False,547
RBOY,RBOY_chip_top_12_6,mcu9t5v0,endcap,True,7628
RBOY,RBOY_chip_top_12_6,mcu9t5v0,fill_1,True,31577
RBOY,RBOY_chip_top_12_6,mcu9t5v0,fill_2,True,31560
RBOY,RBOY_chip_top_12_6,mcu9t5v0,fillcap_16,True,15080
RBOY,RBOY_chip_top_12_6,mcu9t5v0,fillcap_32,True,8113
RBOY,RBOY_chip_top_12_6,mcu9t5v0,fillcap_4,True,28902
RBOY,RBOY_chip_top_12_6,mcu9t5v0,fillcap_64,True,2588
RBOY,RBOY_chip_top_12_6,mcu9t5v0,fillcap_8,True,21623
RBOY,RBOY_chip_top_12_6,mcu9t5v0,filltie,True,31594
RBOY,RBOY_chip_top_12_6,mcu9t5v0,icgtn_4,False,2
RBOY,RBOY_chip_top_12_6,mcu9t5v0,inv_1,False,606
RBOY,RBOY_chip_top_12_6,mcu9t5v0,inv_12,False,22
RBOY,RBOY_chip_top_12_6,mcu9t5v0,inv_16,False,19
RBOY,RBOY_chip_top_12_6,mcu9t5v0,inv_2,False,145
RBOY,RBOY_chip_top_12_6,mcu9t5v0,inv_20,False,34
RBOY,RBOY_chip_top_12_6,mcu9t5v0,inv_3,False,259
RBOY,RBOY_chip_top_12_6,mcu9t5v0,inv_4,False,611
RBOY,RBOY_chip_top_12_6,mcu9t5v0,inv_8,False,42
RBOY,RBOY_chip_top_12_6,mcu9t5v0,mux2_1,False,575
RBOY,RBOY_chip_top_12_6,mcu9t5v0,mux2_2,False,49
RBOY,RBOY_chip_top_12_6,mcu9t5v0,mux2_4,False,68
RBOY,RBOY_chip_top_12_6,mcu9t5v0,nand2_1,False,17153
RBOY,RBOY_chip_top_12_6,mcu9t5v0,nand2_2,False,2828
RBOY,RBOY_chip_top_12_6,mcu9t5v0,nand2_4,False,2765
RBOY,RBOY_chip_top_12_6,mcu9t5v0,nand3_1,False,3187
RBOY,RBOY_chip_top_12_6,mcu9t5v0,nand3_2,False,724
RBOY,RBOY_chip_top_12_6,mcu9t5v0,nand3_4,False,889
RBOY,RBOY_chip_top_12_6,mcu9t5v0,nand4_1,False,319
RBOY,RBOY_chip_top_12_6,mcu9t5v0,nand4_2,False,141
RBOY,RBOY_chip_top_12_6,mcu9t5v0,nand4_4,False,213
RBOY,RBOY_chip_top_12_6,mcu9t5v0,nor2_1,False,5029
RBOY,RBOY_chip_top_12_6,mcu9t5v0,nor2_2,False,928
RBOY,RBOY_chip_top_12_6,mcu9t5v0,nor2_4,False,1109
RBOY,RBOY_chip_top_12_6,mcu9t5v0,nor3_1,False,144
RBOY,RBOY_chip_top_12_6,mcu9t5v0,nor3_2,False,72
RBOY,RBOY_chip_top_12_6,mcu9t5v0,nor3_4,False,1118
RBOY,RBOY_chip_top_12_6,mcu9t5v0,nor4_1,False,70
RBOY,RBOY_chip_top_12_6,mcu9t5v0,nor4_2,False,41
RBOY,RBOY_chip_top_12_6,mcu9t5v0,nor4_4,False,56
RBOY,RBOY_chip_top_12_6,mcu9t5v0,oai211_1,False,228
RBOY,RBOY_chip_top_12_6,mcu9t5v0,oai211_2,False,79
RBOY,RBOY_chip_top_12_6,mcu9t5v0,oai211_4,False,577
RBOY,RBOY_chip_top_12_6,mcu9t5v0,oai21_1,False,1590
RBOY,RBOY_chip_top_12_6,mcu9t5v0,oai21_2,False,362
RBOY,RBOY_chip_top_12_6,mcu9t5v0,oai21_4,False,2868
RBOY,RBOY_chip_top_12_6,mcu9t5v0,oai221_1,False,49
RBOY,RBOY_chip_top_12_6,mcu9t5v0,oai221_2,False,34
RBOY,RBOY_chip_top_12_6,mcu9t5v0,oai221_4,False,215
RBOY,RBOY_chip_top_12_6,mcu9t5v0,oai22_1,False,234
RBOY,RBOY_chip_top_12_6,mcu9t5v0,oai22_2,False,60
RBOY,RBOY_chip_top_12_6,mcu9t5v0,oai22_4,False,206
RBOY,RBOY_chip_top_12_6,mcu9t5v0,oai31_1,False,110
RBOY,RBOY_chip_top_12_6,mcu9t5v0,oai31_2,False,43
RBOY,RBOY_chip_top_12_6,mcu9t5v0,oai31_4,False,151
RBOY,RBOY_chip_top_12_6,mcu9t5v0,oai32_1,False,10
RBOY,RBOY_chip_top_12_6,mcu9t5v0,oai32_2,False,3
RBOY,RBOY_chip_top_12_6,mcu9t5v0,oai32_4,False,23
RBOY,RBOY_chip_top_12_6,mcu9t5v0,or2_1,False,1826
RBOY,RBOY_chip_top_12_6,mcu9t5v0,or2_2,False,22
RBOY,RBOY_chip_top_12_6,mcu9t5v0,or2_4,False,6
RBOY,RBOY_chip_top_12_6,mcu9t5v0,or3_1,False,16
RBOY,RBOY_chip_top_12_6,mcu9t5v0,or3_2,False,2
RBOY,RBOY_chip_top_12_6,mcu9t5v0,or3_4,False,1
RBOY,RBOY_chip_top_12_6,mcu9t5v0,or4_1,False,3
RBOY,RBOY_chip_top_12_6,mcu9t5v0,sdffq_1,False,1954
RBOY,RBOY_chip_top_12_6,mcu9t5v0,sdffq_2,False,30
RBOY,RBOY_chip_top_12_6,mcu9t5v0,sdffq_4,False,2132
RBOY,RBOY_chip_top_12_6,mcu9t5v0,sdffrnq_4,False,2110
RBOY,RBOY_chip_top_12_6,mcu9t5v0,sdffsnq_4,False,101
RBOY,RBOY_chip_top_12_6,mcu9t5v0,tieh,True,41
RBOY,RBOY_chip_top_12_6,mcu9t5v0,tiel,True,343
RBOY,RBOY_chip_top_12_6,mcu9t5v0,xnor2_1,False,3
RBOY,RBOY_chip_top_12_6,mcu9t5v0,xnor2_2,False,1
RBOY,RBOY_chip_top_12_6,mcu9t5v0,xnor3_1,False,7
RBOY,RBOY_chip_top_12_6,mcu9t5v0,xnor3_2,False,1
RBOY,RBOY_chip_top_12_6,mcu9t5v0,xor2_1,False,12
RBOY,RBOY_chip_top_12_6,mcu9t5v0,xor2_2,False,6
RBOY,RBOY_chip_top_12_6,mcu9t5v0,xor3_1,False,31
RBOY,RBOY_chip_top_12_6,mcu9t5v0,xor3_2,False,5
TQVC,TQVC_chip_top_12_8,mcu7t5v0,and2_1,False,273
TQVC,TQVC_chip_top_12_8,mcu7t5v0,and2_2,False,7
TQVC,TQVC_chip_top_12_8,mcu7t5v0,and2_4,False,2
TQVC,TQVC_chip_top_12_8,mcu7t5v0,and3_1,False,48
TQVC,TQVC_chip_top_12_8,mcu7t5v0,and3_4,False,1
TQVC,TQVC_chip_top_12_8,mcu7t5v0,and4_1,False,29
TQVC,TQVC_chip_top_12_8,mcu7t5v0,antenna,True,23
TQVC,TQVC_chip_top_12_8,mcu7t5v0,aoi211_1,False,202
TQVC,TQVC_chip_top_12_8,mcu7t5v0,aoi211_2,False,16
TQVC,TQVC_chip_top_12_8,mcu7t5v0,aoi211_4,False,3
TQVC,TQVC_chip_top_12_8,mcu7t5v0,aoi21_1,False,1242
TQVC,TQVC_chip_top_12_8,mcu7t5v0,aoi21_2,False,43
TQVC,TQVC_chip_top_12_8,mcu7t5v0,aoi21_4,False,372
TQVC,TQVC_chip_top_12_8,mcu7t5v0,aoi221_1,False,431
TQVC,TQVC_chip_top_12_8,mcu7t5v0,aoi221_2,False,41
TQVC,TQVC_chip_top_12_8,mcu7t5v0,aoi221_4,False,9
TQVC,TQVC_chip_top_12_8,mcu7t5v0,aoi22_1,False,468
TQVC,TQVC_chip_top_12_8,mcu7t5v0,aoi22_2,False,18
TQVC,TQVC_chip_top_12_8,mcu7t5v0,aoi22_4,False,7
TQVC,TQVC_chip_top_12_8,mcu7t5v0,buf_1,False,983
TQVC,TQVC_chip_top_12_8,mcu7t5v0,buf_12,False,32
TQVC,TQVC_chip_top_12_8,mcu7t5v0,buf_16,False,8
TQVC,TQVC_chip_top_12_8,mcu7t5v0,buf_2,False,2340
TQVC,TQVC_chip_top_12_8,mcu7t5v0,buf_20,False,11
TQVC,TQVC_chip_top_12_8,mcu7t5v0,buf_3,False,45
TQVC,TQVC_chip_top_12_8,mcu7t5v0,buf_4,False,386
TQVC,TQVC_chip_top_12_8,mcu7t5v0,buf_8,False,264
TQVC,TQVC_chip_top_12_8,mcu7t5v0,clkbuf_1,False,408
TQVC,TQVC_chip_top_12_8,mcu7t5v0,clkbuf_12,False,3
TQVC,TQVC_chip_top_12_8,mcu7t5v0,clkbuf_16,False,17
TQVC,TQVC_chip_top_12_8,mcu7t5v0,clkbuf_2,False,187
TQVC,TQVC_chip_top_12_8,mcu7t5v0,clkbuf_3,False,7
TQVC,TQVC_chip_top_12_8,mcu7t5v0,clkbuf_4,False,57
TQVC,TQVC_chip_top_12_8,mcu7t5v0,clkbuf_8,False,566
TQVC,TQVC_chip_top_12_8,mcu7t5v0,clkinv_1,False,3157
TQVC,TQVC_chip_top_12_8,mcu7t5v0,clkinv_12,False,7
TQVC,TQVC_chip_top_12_8,mcu7t5v0,clkinv_16,False,2
TQVC,TQVC_chip_top_12_8,mcu7t5v0,clkinv_2,False,78
TQVC,TQVC_chip_top_12_8,mcu7t5v0,clkinv_20,False,3
TQVC,TQVC_chip_top_12_8,mcu7t5v0,clkinv_3,False,33
TQVC,TQVC_chip_top_12_8,mcu7t5v0,clkinv_4,False,17
TQVC,TQVC_chip_top_12_8,mcu7t5v0,clkinv_8,False,14
TQVC,TQVC_chip_top_12_8,mcu7t5v0,dffnq_1,False,4
TQVC,TQVC_chip_top_12_8,mcu7t5v0,dffnq_2,False,1
TQVC,TQVC_chip_top_12_8,mcu7t5v0,dffq_1,False,2971
TQVC,TQVC_chip_top_12_8,mcu7t5v0,dffq_2,False,38
TQVC,TQVC_chip_top_12_8,mcu7t5v0,dffq_4,False,12
TQVC,TQVC_chip_top_12_8,mcu7t5v0,dffrnq_1,False,430
TQVC,TQVC_chip_top_12_8,mcu7t5v0,dffrnq_2,False,7
TQVC,TQVC_chip_top_12_8,mcu7t5v0,dffsnq_1,False,1
TQVC,TQVC_chip_top_12_8,mcu7t5v0,dlya_1,False,140
TQVC,TQVC_chip_top_12_8,mcu7t5v0,dlya_2,False,5
TQVC,TQVC_chip_top_12_8,mcu7t5v0,dlyb_1,False,761
TQVC,TQVC_chip_top_12_8,mcu7t5v0,dlyc_1,False,41
TQVC,TQVC_chip_top_12_8,mcu7t5v0,endcap,True,1098
TQVC,TQVC_chip_top_12_8,mcu7t5v0,fill_1,True,15924
TQVC,TQVC_chip_top_12_8,mcu7t5v0,fill_2,True,14855
TQVC,TQVC_chip_top_12_8,mcu7t5v0,fillcap_16,True,7549
TQVC,TQVC_chip_top_12_8,mcu7t5v0,fillcap_32,True,2839
TQVC,TQVC_chip_top_12_8,mcu7t5v0,fillcap_4,True,32879
TQVC,TQVC_chip_top_12_8,mcu7t5v0,fillcap_64,True,19708
TQVC,TQVC_chip_top_12_8,mcu7t5v0,fillcap_8,True,10682
TQVC,TQVC_chip_top_12_8,mcu7t5v0,filltie,True,31238
TQVC,TQVC_chip_top_12_8,mcu7t5v0,inv_1,False,513
TQVC,TQVC_chip_top_12_8,mcu7t5v0,inv_12,False,6
TQVC,TQVC_chip_top_12_8,mcu7t5v0,inv_16,False,2
TQVC,TQVC_chip_top_12_8,mcu7t5v0,inv_2,False,75
TQVC,TQVC_chip_top_12_8,mcu7t5v0,inv_3,False,31
TQVC,TQVC_chip_top_12_8,mcu7t5v0,inv_4,False,33
TQVC,TQVC_chip_top_12_8,mcu7t5v0,inv_8,False,6
TQVC,TQVC_chip_top_12_8,mcu7t5v0,latq_1,False,955
TQVC,TQVC_chip_top_12_8,mcu7t5v0,nand2_1,False,8803
TQVC,TQVC_chip_top_12_8,mcu7t5v0,nand2_2,False,134
TQVC,TQVC_chip_top_12_8,mcu7t5v0,nand2_4,False,26
TQVC,TQVC_chip_top_12_8,mcu7t5v0,nand3_1,False,1664
TQVC,TQVC_chip_top_12_8,mcu7t5v0,nand3_2,False,30
TQVC,TQVC_chip_top_12_8,mcu7t5v0,nand3_4,False,1
TQVC,TQVC_chip_top_12_8,mcu7t5v0,nand4_1,False,480
TQVC,TQVC_chip_top_12_8,mcu7t5v0,nand4_2,False,8
TQVC,TQVC_chip_top_12_8,mcu7t5v0,nand4_4,False,1
TQVC,TQVC_chip_top_12_8,mcu7t5v0,nor2_1,False,1334
TQVC,TQVC_chip_top_12_8,mcu7t5v0,nor2_2,False,73
TQVC,TQVC_chip_top_12_8,mcu7t5v0,nor2_4,False,12
TQVC,TQVC_chip_top_12_8,mcu7t5v0,nor3_1,False,155
TQVC,TQVC_chip_top_12_8,mcu7t5v0,nor3_2,False,10
TQVC,TQVC_chip_top_12_8,mcu7t5v0,nor3_4,False,1
TQVC,TQVC_chip_top_12_8,mcu7t5v0,nor4_1,False,75
TQVC,TQVC_chip_top_12_8,mcu7t5v0,nor4_2,False,11
TQVC,TQVC_chip_top_12_8,mcu7t5v0,nor4_4,False,9
TQVC,TQVC_chip_top_12_8,mcu7t5v0,oai211_1,False,741
TQVC,TQVC_chip_top_12_8,mcu7t5v0,oai211_2,False,9
TQVC,TQVC_chip_top_12_8,mcu7t5v0,oai211_4,False,4
TQVC,TQVC_chip_top_12_8,mcu7t5v0,oai21_1,False,3217
TQVC,TQVC_chip_top_12_8,mcu7t5v0,oai21_2,False,121
TQVC,TQVC_chip_top_12_8,mcu7t5v0,oai21_4,False,19
TQVC,TQVC_chip_top_12_8,mcu7t5v0,oai221_1,False,261
TQVC,TQVC_chip_top_12_8,mcu7t5v0,oai221_2,False,13
TQVC,TQVC_chip_top_12_8,mcu7t5v0,oai221_4,False,6
TQVC,TQVC_chip_top_12_8,mcu7t5v0,oai22_1,False,396
TQVC,TQVC_chip_top_12_8,mcu7t5v0,oai22_2,False,12
TQVC,TQVC_chip_top_12_8,mcu7t5v0,oai22_4,False,1
TQVC,TQVC_chip_top_12_8,mcu7t5v0,oai31_1,False,52
TQVC,TQVC_chip_top_12_8,mcu7t5v0,oai31_2,False,6
TQVC,TQVC_chip_top_12_8,mcu7t5v0,oai31_4,False,1
TQVC,TQVC_chip_top_12_8,mcu7t5v0,oai32_1,False,50
TQVC,TQVC_chip_top_12_8,mcu7t5v0,oai32_2,False,4
TQVC,TQVC_chip_top_12_8,mcu7t5v0,oai32_4,False,7
TQVC,TQVC_chip_top_12_8,mcu7t5v0,or2_1,False,413
TQVC,TQVC_chip_top_12_8,mcu7t5v0,or2_2,False,23
TQVC,TQVC_chip_top_12_8,mcu7t5v0,or2_4,False,4
TQVC,TQVC_chip_top_12_8,mcu7t5v0,or3_1,False,36
TQVC,TQVC_chip_top_12_8,mcu7t5v0,or3_2,False,1
TQVC,TQVC_chip_top_12_8,mcu7t5v0,or4_1,False,15
TQVC,TQVC_chip_top_12_8,mcu7t5v0,tieh,True,43
TQVC,TQVC_chip_top_12_8,mcu7t5v0,tiel,True,256
TQVC,TQVC_chip_top_12_8,mcu7t5v0,xnor2_1,False,1
TQVC,TQVC_chip_top_12_8,mcu7t5v0,xnor3_1,False,5
TQVC,TQVC_chip_top_12_8,mcu7t5v0,xnor3_2,False,1
TQVC,TQVC_chip_top_12_8,mcu7t5v0,xor2_1,False,1
HZ80,HZ80_chip_top_14_0,mcu9t5v0,and2_1,False,63
HZ80,HZ80_chip_top_14_0,mcu9t5v0,and3_1,False,26
HZ80,HZ80_chip_top_14_0,mcu9t5v0,and4_1,False,12
HZ80,HZ80_chip_top_14_0,mcu9t5v0,antenna,True,20
HZ80,HZ80_chip_top_14_0,mcu9t5v0,aoi211_1,False,88
HZ80,HZ80_chip_top_14_0,mcu9t5v0,aoi211_2,False,4
HZ80,HZ80_chip_top_14_0,mcu9t5v0,aoi21_1,False,257
HZ80,HZ80_chip_top_14_0,mcu9t5v0,aoi21_2,False,3
HZ80,HZ80_chip_top_14_0,mcu9t5v0,aoi21_4,False,2
HZ80,HZ80_chip_top_14_0,mcu9t5v0,aoi221_1,False,103
HZ80,HZ80_chip_top_14_0,mcu9t5v0,aoi221_4,False,1
HZ80,HZ80_chip_top_14_0,mcu9t5v0,aoi222_1,False,32
HZ80,HZ80_chip_top_14_0,mcu9t5v0,aoi22_1,False,138
HZ80,HZ80_chip_top_14_0,mcu9t5v0,aoi22_2,False,4
HZ80,HZ80_chip_top_14_0,mcu9t5v0,buf_1,False,58
HZ80,HZ80_chip_top_14_0,mcu9t5v0,buf_12,False,9
HZ80,HZ80_chip_top_14_0,mcu9t5v0,buf_2,False,89
HZ80,HZ80_chip_top_14_0,mcu9t5v0,buf_3,False,2
HZ80,HZ80_chip_top_14_0,mcu9t5v0,buf_4,False,82
HZ80,HZ80_chip_top_14_0,mcu9t5v0,buf_8,False,9
HZ80,HZ80_chip_top_14_0,mcu9t5v0,clkbuf_1,False,17
HZ80,HZ80_chip_top_14_0,mcu9t5v0,clkbuf_12,False,9
HZ80,HZ80_chip_top_14_0,mcu9t5v0,clkbuf_16,False,7
HZ80,HZ80_chip_top_14_0,mcu9t5v0,clkbuf_2,False,86
HZ80,HZ80_chip_top_14_0,mcu9t5v0,clkbuf_3,False,23
HZ80,HZ80_chip_top_14_0,mcu9t5v0,clkbuf_4,False,70
HZ80,HZ80_chip_top_14_0,mcu9t5v0,clkbuf_8,False,98
HZ80,HZ80_chip_top_14_0,mcu9t5v0,clkinv_1,False,183
HZ80,HZ80_chip_top_14_0,mcu9t5v0,clkinv_2,False,1
HZ80,HZ80_chip_top_14_0,mcu9t5v0,clkinv_4,False,1
HZ80,HZ80_chip_top_14_0,mcu9t5v0,clkinv_8,False,4
HZ80,HZ80_chip_top_14_0,mcu9t5v0,dffnsnq_1,False,2
HZ80,HZ80_chip_top_14_0,mcu9t5v0,dffnsnq_2,False,1
HZ80,HZ80_chip_top_14_0,mcu9t5v0,dffq_1,False,170
HZ80,HZ80_chip_top_14_0,mcu9t5v0,dffrnq_1,False,143
HZ80,HZ80_chip_top_14_0,mcu9t5v0,dffrnq_2,False,8
HZ80,HZ80_chip_top_14_0,mcu9t5v0,dffsnq_1,False,54
HZ80,HZ80_chip_top_14_0,mcu9t5v0,dffsnq_2,False,3
HZ80,HZ80_chip_top_14_0,mcu9t5v0,dlya_1,False,48
HZ80,HZ80_chip_top_14_0,mcu9t5v0,dlyb_1,False,1
HZ80,HZ80_chip_top_14_0,mcu9t5v0,dlyc_1,False,263
HZ80,HZ80_chip_top_14_0,mcu9t5v0,dlyd_1,False,304
HZ80,HZ80_chip_top_14_0,mcu9t5v0,endcap,True,1680
HZ80,HZ80_chip_top_14_0,mcu9t5v0,fill_1,True,3647
HZ80,HZ80_chip_top_14_0,mcu9t5v0,fill_2,True,3223
HZ80,HZ80_chip_top_14_0,mcu9t5v0,fillcap_16,True,2913
HZ80,HZ80_chip_top_14_0,mcu9t5v0,fillcap_32,True,2142
HZ80,HZ80_chip_top_14_0,mcu9t5v0,fillcap_4,True,22284
HZ80,HZ80_chip_top_14_0,mcu9t5v0,fillcap_64,True,19203
HZ80,HZ80_chip_top_14_0,mcu9t5v0,fillcap_8,True,2480
HZ80,HZ80_chip_top_14_0,mcu9t5v0,filltie,True,22317
HZ80,HZ80_chip_top_14_0,mcu9t5v0,inv_1,False,8
HZ80,HZ80_chip_top_14_0,mcu9t5v0,inv_2,False,8
HZ80,HZ80_chip_top_14_0,mcu9t5v0,inv_3,False,4
HZ80,HZ80_chip_top_14_0,mcu9t5v0,inv_4,False,7
HZ80,HZ80_chip_top_14_0,mcu9t5v0,mux2_1,False,309
HZ80,HZ80_chip_top_14_0,mcu9t5v0,mux4_1,False,38
HZ80,HZ80_chip_top_14_0,mcu9t5v0,nand2_1,False,703
HZ80,HZ80_chip_top_14_0,mcu9t5v0,nand2_2,False,8
HZ80,HZ80_chip_top_14_0,mcu9t5v0,nand2_4,False,2
HZ80,HZ80_chip_top_14_0,mcu9t5v0,nand3_1,False,167
HZ80,HZ80_chip_top_14_0,mcu9t5v0,nand3_2,False,4
HZ80,HZ80_chip_top_14_0,mcu9t5v0,nand3_4,False,1
HZ80,HZ80_chip_top_14_0,mcu9t5v0,nand4_1,False,67
HZ80,HZ80_chip_top_14_0,mcu9t5v0,nand4_4,False,1
HZ80,HZ80_chip_top_14_0,mcu9t5v0,nor2_1,False,350
HZ80,HZ80_chip_top_14_0,mcu9t5v0,nor2_2,False,15
HZ80,HZ80_chip_top_14_0,mcu9t5v0,nor2_4,False,6
HZ80,HZ80_chip_top_14_0,mcu9t5v0,nor3_1,False,87
HZ80,HZ80_chip_top_14_0,mcu9t5v0,nor3_2,False,7
HZ80,HZ80_chip_top_14_0,mcu9t5v0,nor3_4,False,1
HZ80,HZ80_chip_top_14_0,mcu9t5v0,nor4_1,False,59
HZ80,HZ80_chip_top_14_0,mcu9t5v0,nor4_2,False,5
HZ80,HZ80_chip_top_14_0,mcu9t5v0,nor4_4,False,1
HZ80,HZ80_chip_top_14_0,mcu9t5v0,oai211_1,False,144
HZ80,HZ80_chip_top_14_0,mcu9t5v0,oai211_2,False,1
HZ80,HZ80_chip_top_14_0,mcu9t5v0,oai21_1,False,238
HZ80,HZ80_chip_top_14_0,mcu9t5v0,oai21_2,False,5
HZ80,HZ80_chip_top_14_0,mcu9t5v0,oai221_1,False,36
HZ80,HZ80_chip_top_14_0,mcu9t5v0,oai222_1,False,9
HZ80,HZ80_chip_top_14_0,mcu9t5v0,oai22_1,False,64
HZ80,HZ80_chip_top_14_0,mcu9t5v0,oai31_1,False,92
HZ80,HZ80_chip_top_14_0,mcu9t5v0,oai31_2,False,5
HZ80,HZ80_chip_top_14_0,mcu9t5v0,oai32_1,False,7
HZ80,HZ80_chip_top_14_0,mcu9t5v0,oai33_1,False,4
HZ80,HZ80_chip_top_14_0,mcu9t5v0,or2_1,False,39
HZ80,HZ80_chip_top_14_0,mcu9t5v0,or2_2,False,1
HZ80,HZ80_chip_top_14_0,mcu9t5v0,or3_1,False,11
HZ80,HZ80_chip_top_14_0,mcu9t5v0,or3_2,False,1
HZ80,HZ80_chip_top_14_0,mcu9t5v0,or4_1,False,8
HZ80,HZ80_chip_top_14_0,mcu9t5v0,or4_2,False,1
HZ80,HZ80_chip_top_14_0,mcu9t5v0,tieh,True,22
HZ80,HZ80_chip_top_14_0,mcu9t5v0,tiel,True,162
HZ80,HZ80_chip_top_14_0,mcu9t5v0,xnor2_1,False,83
HZ80,HZ80_chip_top_14_0,mcu9t5v0,xnor3_1,False,16
HZ80,HZ80_chip_top_14_0,mcu9t5v0,xor2_1,False,38
HZ80,HZ80_chip_top_14_0,mcu9t5v0,xor3_1,False,4
GD02,GD02_chip_top_14_4,mcu7t5v0,and2_1,False,593
GD02,GD02_chip_top_14_4,mcu7t5v0,and2_2,False,5
GD02,GD02_chip_top_14_4,mcu7t5v0,and2_4,False,3
GD02,GD02_chip_top_14_4,mcu7t5v0,and3_1,False,103
GD02,GD02_chip_top_14_4,mcu7t5v0,and3_2,False,4
GD02,GD02_chip_top_14_4,mcu7t5v0,and3_4,False,1
GD02,GD02_chip_top_14_4,mcu7t5v0,and4_1,False,55
GD02,GD02_chip_top_14_4,mcu7t5v0,antenna,True,204
GD02,GD02_chip_top_14_4,mcu7t5v0,aoi211_1,False,644
GD02,GD02_chip_top_14_4,mcu7t5v0,aoi211_2,False,7
GD02,GD02_chip_top_14_4,mcu7t5v0,aoi211_4,False,1
GD02,GD02_chip_top_14_4,mcu7t5v0,aoi21_1,False,2056
GD02,GD02_chip_top_14_4,mcu7t5v0,aoi21_2,False,37
GD02,GD02_chip_top_14_4,mcu7t5v0,aoi21_4,False,10
GD02,GD02_chip_top_14_4,mcu7t5v0,aoi221_1,False,755
GD02,GD02_chip_top_14_4,mcu7t5v0,aoi221_2,False,6
GD02,GD02_chip_top_14_4,mcu7t5v0,aoi221_4,False,5
GD02,GD02_chip_top_14_4,mcu7t5v0,aoi222_1,False,281
GD02,GD02_chip_top_14_4,mcu7t5v0,aoi222_2,False,2
GD02,GD02_chip_top_14_4,mcu7t5v0,aoi22_1,False,1149
GD02,GD02_chip_top_14_4,mcu7t5v0,aoi22_2,False,27
GD02,GD02_chip_top_14_4,mcu7t5v0,buf_1,False,866
GD02,GD02_chip_top_14_4,mcu7t5v0,buf_12,False,65
GD02,GD02_chip_top_14_4,mcu7t5v0,buf_2,False,966
GD02,GD02_chip_top_14_4,mcu7t5v0,buf_3,False,144
GD02,GD02_chip_top_14_4,mcu7t5v0,buf_4,False,1420
GD02,GD02_chip_top_14_4,mcu7t5v0,buf_8,False,427
GD02,GD02_chip_top_14_4,mcu7t5v0,clkbuf_1,False,137
GD02,GD02_chip_top_14_4,mcu7t5v0,clkbuf_12,False,4
GD02,GD02_chip_top_14_4,mcu7t5v0,clkbuf_16,False,4
GD02,GD02_chip_top_14_4,mcu7t5v0,clkbuf_2,False,157
GD02,GD02_chip_top_14_4,mcu7t5v0,clkbuf_3,False,104
GD02,GD02_chip_top_14_4,mcu7t5v0,clkbuf_4,False,39
GD02,GD02_chip_top_14_4,mcu7t5v0,clkbuf_8,False,644
GD02,GD02_chip_top_14_4,mcu7t5v0,clkinv_1,False,1597
GD02,GD02_chip_top_14_4,mcu7t5v0,clkinv_12,False,9
GD02,GD02_chip_top_14_4,mcu7t5v0,clkinv_16,False,4
GD02,GD02_chip_top_14_4,mcu7t5v0,clkinv_2,False,47
GD02,GD02_chip_top_14_4,mcu7t5v0,clkinv_20,False,2
GD02,GD02_chip_top_14_4,mcu7t5v0,clkinv_3,False,3
GD02,GD02_chip_top_14_4,mcu7t5v0,clkinv_4,False,9
GD02,GD02_chip_top_14_4,mcu7t5v0,clkinv_8,False,14
GD02,GD02_chip_top_14_4,mcu7t5v0,dffq_1,False,2055
GD02,GD02_chip_top_14_4,mcu7t5v0,dffq_2,False,6
GD02,GD02_chip_top_14_4,mcu7t5v0,dffrnq_1,False,2050
GD02,GD02_chip_top_14_4,mcu7t5v0,dffrnq_2,False,12
GD02,GD02_chip_top_14_4,mcu7t5v0,dffsnq_1,False,136
GD02,GD02_chip_top_14_4,mcu7t5v0,dffsnq_2,False,2
GD02,GD02_chip_top_14_4,mcu7t5v0,dlyb_1,False,1831
GD02,GD02_chip_top_14_4,mcu7t5v0,dlyc_1,False,170
GD02,GD02_chip_top_14_4,mcu7t5v0,endcap,True,3090
GD02,GD02_chip_top_14_4,mcu7t5v0,fill_1,True,13471
GD02,GD02_chip_top_14_4,mcu7t5v0,fill_2,True,12767
GD02,GD02_chip_top_14_4,mcu7t5v0,fillcap_16,True,3623
GD02,GD02_chip_top_14_4,mcu7t5v0,fillcap_32,True,2436
GD02,GD02_chip_top_14_4,mcu7t5v0,fillcap_4,True,14772
GD02,GD02_chip_top_14_4,mcu7t5v0,fillcap_64,True,5075
GD02,GD02_chip_top_14_4,mcu7t5v0,fillcap_8,True,7235
GD02,GD02_chip_top_14_4,mcu7t5v0,filltie,True,15578
GD02,GD02_chip_top_14_4,mcu7t5v0,inv_1,False,94
GD02,GD02_chip_top_14_4,mcu7t5v0,inv_12,False,4
GD02,GD02_chip_top_14_4,mcu7t5v0,inv_2,False,41
GD02,GD02_chip_top_14_4,mcu7t5v0,inv_20,False,2
GD02,GD02_chip_top_14_4,mcu7t5v0,inv_3,False,30
GD02,GD02_chip_top_14_4,mcu7t5v0,inv_4,False,31
GD02,GD02_chip_top_14_4,mcu7t5v0,inv_8,False,6
GD02,GD02_chip_top_14_4,mcu7t5v0,mux2_2,False,2111
GD02,GD02_chip_top_14_4,mcu7t5v0,mux4_1,False,17
GD02,GD02_chip_top_14_4,mcu7t5v0,nand2_1,False,4263
GD02,GD02_chip_top_14_4,mcu7t5v0,nand2_2,False,41
GD02,GD02_chip_top_14_4,mcu7t5v0,nand2_4,False,4
GD02,GD02_chip_top_14_4,mcu7t5v0,nand3_1,False,944
GD02,GD02_chip_top_14_4,mcu7t5v0,nand3_2,False,9
GD02,GD02_chip_top_14_4,mcu7t5v0,nand3_4,False,2
GD02,GD02_chip_top_14_4,mcu7t5v0,nand4_1,False,198
GD02,GD02_chip_top_14_4,mcu7t5v0,nand4_2,False,2
GD02,GD02_chip_top_14_4,mcu7t5v0,nand4_4,False,6
GD02,GD02_chip_top_14_4,mcu7t5v0,nor2_1,False,2406
GD02,GD02_chip_top_14_4,mcu7t5v0,nor2_2,False,20
GD02,GD02_chip_top_14_4,mcu7t5v0,nor2_4,False,2
GD02,GD02_chip_top_14_4,mcu7t5v0,nor3_1,False,531
GD02,GD02_chip_top_14_4,mcu7t5v0,nor3_2,False,7
GD02,GD02_chip_top_14_4,mcu7t5v0,nor3_4,False,1
GD02,GD02_chip_top_14_4,mcu7t5v0,nor4_1,False,143
GD02,GD02_chip_top_14_4,mcu7t5v0,nor4_2,False,4
GD02,GD02_chip_top_14_4,mcu7t5v0,oai211_1,False,1222
GD02,GD02_chip_top_14_4,mcu7t5v0,oai211_2,False,2
GD02,GD02_chip_top_14_4,mcu7t5v0,oai211_4,False,4
GD02,GD02_chip_top_14_4,mcu7t5v0,oai21_1,False,2174
GD02,GD02_chip_top_14_4,mcu7t5v0,oai21_2,False,28
GD02,GD02_chip_top_14_4,mcu7t5v0,oai21_4,False,11
GD02,GD02_chip_top_14_4,mcu7t5v0,oai221_1,False,215
GD02,GD02_chip_top_14_4,mcu7t5v0,oai221_2,False,3
GD02,GD02_chip_top_14_4,mcu7t5v0,oai221_4,False,1
GD02,GD02_chip_top_14_4,mcu7t5v0,oai222_1,False,55
GD02,GD02_chip_top_14_4,mcu7t5v0,oai22_1,False,212
GD02,GD02_chip_top_14_4,mcu7t5v0,oai22_2,False,3
GD02,GD02_chip_top_14_4,mcu7t5v0,oai31_1,False,354
GD02,GD02_chip_top_14_4,mcu7t5v0,oai31_2,False,10
GD02,GD02_chip_top_14_4,mcu7t5v0,oai32_1,False,44
GD02,GD02_chip_top_14_4,mcu7t5v0,oai32_2,False,2
GD02,GD02_chip_top_14_4,mcu7t5v0,oai33_1,False,2
GD02,GD02_chip_top_14_4,mcu7t5v0,or2_1,False,307
GD02,GD02_chip_top_14_4,mcu7t5v0,or2_2,False,8
GD02,GD02_chip_top_14_4,mcu7t5v0,or3_1,False,68
GD02,GD02_chip_top_14_4,mcu7t5v0,or4_1,False,38
GD02,GD02_chip_top_14_4,mcu7t5v0,or4_2,False,1
GD02,GD02_chip_top_14_4,mcu7t5v0,tiel,True,5
GD02,GD02_chip_top_14_4,mcu7t5v0,xnor2_1,False,67
GD02,GD02_chip_top_14_4,mcu7t5v0,xnor3_1,False,2
GD02,GD02_chip_top_14_4,mcu7t5v0,xor2_1,False,139
GD02,GD02_chip_top_14_4,mcu7t5v0,xor3_1,False,5
TQVB,TQVB_chip_top_14_6,mcu7t5v0,and2_1,False,284
TQVB,TQVB_chip_top_14_6,mcu7t5v0,and2_2,False,5
TQVB,TQVB_chip_top_14_6,mcu7t5v0,and2_4,False,1
TQVB,TQVB_chip_top_14_6,mcu7t5v0,and3_1,False,41
TQVB,TQVB_chip_top_14_6,mcu7t5v0,and4_1,False,40
TQVB,TQVB_chip_top_14_6,mcu7t5v0,antenna,True,26
TQVB,TQVB_chip_top_14_6,mcu7t5v0,aoi211_1,False,201
TQVB,TQVB_chip_top_14_6,mcu7t5v0,aoi211_2,False,17
TQVB,TQVB_chip_top_14_6,mcu7t5v0,aoi21_1,False,1257
TQVB,TQVB_chip_top_14_6,mcu7t5v0,aoi21_2,False,62
TQVB,TQVB_chip_top_14_6,mcu7t5v0,aoi21_4,False,375
TQVB,TQVB_chip_top_14_6,mcu7t5v0,aoi221_1,False,449
TQVB,TQVB_chip_top_14_6,mcu7t5v0,aoi221_2,False,27
TQVB,TQVB_chip_top_14_6,mcu7t5v0,aoi221_4,False,12
TQVB,TQVB_chip_top_14_6,mcu7t5v0,aoi22_1,False,456
TQVB,TQVB_chip_top_14_6,mcu7t5v0,aoi22_2,False,27
TQVB,TQVB_chip_top_14_6,mcu7t5v0,aoi22_4,False,6
TQVB,TQVB_chip_top_14_6,mcu7t5v0,buf_1,False,988
TQVB,TQVB_chip_top_14_6,mcu7t5v0,buf_12,False,33
TQVB,TQVB_chip_top_14_6,mcu7t5v0,buf_16,False,7
TQVB,TQVB_chip_top_14_6,mcu7t5v0,buf_2,False,1951
TQVB,TQVB_chip_top_14_6,mcu7t5v0,buf_20,False,9
TQVB,TQVB_chip_top_14_6,mcu7t5v0,buf_3,False,38
TQVB,TQVB_chip_top_14_6,mcu7t5v0,buf_4,False,340
TQVB,TQVB_chip_top_14_6,mcu7t5v0,buf_8,False,205
TQVB,TQVB_chip_top_14_6,mcu7t5v0,clkbuf_1,False,338
TQVB,TQVB_chip_top_14_6,mcu7t5v0,clkbuf_12,False,3
TQVB,TQVB_chip_top_14_6,mcu7t5v0,clkbuf_16,False,49
TQVB,TQVB_chip_top_14_6,mcu7t5v0,clkbuf_2,False,164
TQVB,TQVB_chip_top_14_6,mcu7t5v0,clkbuf_3,False,4
TQVB,TQVB_chip_top_14_6,mcu7t5v0,clkbuf_4,False,56
TQVB,TQVB_chip_top_14_6,mcu7t5v0,clkbuf_8,False,414
TQVB,TQVB_chip_top_14_6,mcu7t5v0,clkinv_1,False,3208
TQVB,TQVB_chip_top_14_6,mcu7t5v0,clkinv_12,False,4
TQVB,TQVB_chip_top_14_6,mcu7t5v0,clkinv_16,False,1
TQVB,TQVB_chip_top_14_6,mcu7t5v0,clkinv_2,False,74
TQVB,TQVB_chip_top_14_6,mcu7t5v0,clkinv_3,False,14
TQVB,TQVB_chip_top_14_6,mcu7t5v0,clkinv_4,False,19
TQVB,TQVB_chip_top_14_6,mcu7t5v0,clkinv_8,False,20
TQVB,TQVB_chip_top_14_6,mcu7t5v0,dffnq_1,False,5
TQVB,TQVB_chip_top_14_6,mcu7t5v0,dffq_1,False,2991
TQVB,TQVB_chip_top_14_6,mcu7t5v0,dffq_2,False,19
TQVB,TQVB_chip_top_14_6,mcu7t5v0,dffq_4,False,11
TQVB,TQVB_chip_top_14_6,mcu7t5v0,dffrnq_1,False,434
TQVB,TQVB_chip_top_14_6,mcu7t5v0,dffrnq_2,False,3
TQVB,TQVB_chip_top_14_6,mcu7t5v0,dffsnq_1,False,1
TQVB,TQVB_chip_top_14_6,mcu7t5v0,dlya_1,False,140
TQVB,TQVB_chip_top_14_6,mcu7t5v0,dlya_2,False,3
TQVB,TQVB_chip_top_14_6,mcu7t5v0,dlyb_1,False,801
TQVB,TQVB_chip_top_14_6,mcu7t5v0,dlyc_1,False,23
TQVB,TQVB_chip_top_14_6,mcu7t5v0,endcap,True,2420
TQVB,TQVB_chip_top_14_6,mcu7t5v0,fill_1,True,15586
TQVB,TQVB_chip_top_14_6,mcu7t5v0,fill_2,True,14482
TQVB,TQVB_chip_top_14_6,mcu7t5v0,fillcap_16,True,6023
TQVB,TQVB_chip_top_14_6,mcu7t5v0,fillcap_32,True,2556
TQVB,TQVB_chip_top_14_6,mcu7t5v0,fillcap_4,True,29289
TQVB,TQVB_chip_top_14_6,mcu7t5v0,fillcap_64,True,16926
TQVB,TQVB_chip_top_14_6,mcu7t5v0,fillcap_8,True,9201
TQVB,TQVB_chip_top_14_6,mcu7t5v0,filltie,True,27174
TQVB,TQVB_chip_top_14_6,mcu7t5v0,inv_1,False,470
TQVB,TQVB_chip_top_14_6,mcu7t5v0,inv_12,False,6
TQVB,TQVB_chip_top_14_6,mcu7t5v0,inv_2,False,78
TQVB,TQVB_chip_top_14_6,mcu7t5v0,inv_3,False,49
TQVB,TQVB_chip_top_14_6,mcu7t5v0,inv_4,False,32
TQVB,TQVB_chip_top_14_6,mcu7t5v0,inv_8,False,13
TQVB,TQVB_chip_top_14_6,mcu7t5v0,latq_1,False,955
TQVB,TQVB_chip_top_14_6,mcu7t5v0,nand2_1,False,8753
TQVB,TQVB_chip_top_14_6,mcu7t5v0,nand2_2,False,143
TQVB,TQVB_chip_top_14_6,mcu7t5v0,nand2_4,False,32
TQVB,TQVB_chip_top_14_6,mcu7t5v0,nand3_1,False,1636
TQVB,TQVB_chip_top_14_6,mcu7t5v0,nand3_2,False,38
TQVB,TQVB_chip_top_14_6,mcu7t5v0,nand3_4,False,3
TQVB,TQVB_chip_top_14_6,mcu7t5v0,nand4_1,False,462
TQVB,TQVB_chip_top_14_6,mcu7t5v0,nand4_2,False,8
TQVB,TQVB_chip_top_14_6,mcu7t5v0,nor2_1,False,1361
TQVB,TQVB_chip_top_14_6,mcu7t5v0,nor2_2,False,66
TQVB,TQVB_chip_top_14_6,mcu7t5v0,nor2_4,False,13
TQVB,TQVB_chip_top_14_6,mcu7t5v0,nor3_1,False,175
TQVB,TQVB_chip_top_14_6,mcu7t5v0,nor3_2,False,12
TQVB,TQVB_chip_top_14_6,mcu7t5v0,nor4_1,False,85
TQVB,TQVB_chip_top_14_6,mcu7t5v0,nor4_2,False,8
TQVB,TQVB_chip_top_14_6,mcu7t5v0,nor4_4,False,2
TQVB,TQVB_chip_top_14_6,mcu7t5v0,oai211_1,False,747
TQVB,TQVB_chip_top_14_6,mcu7t5v0,oai211_2,False,11
TQVB,TQVB_chip_top_14_6,mcu7t5v0,oai211_4,False,5
TQVB,TQVB_chip_top_14_6,mcu7t5v0,oai21_1,False,3174
TQVB,TQVB_chip_top_14_6,mcu7t5v0,oai21_2,False,95
TQVB,TQVB_chip_top_14_6,mcu7t5v0,oai21_4,False,26
TQVB,TQVB_chip_top_14_6,mcu7t5v0,oai221_1,False,253
TQVB,TQVB_chip_top_14_6,mcu7t5v0,oai221_2,False,12
TQVB,TQVB_chip_top_14_6,mcu7t5v0,oai221_4,False,1
TQVB,TQVB_chip_top_14_6,mcu7t5v0,oai22_1,False,422
TQVB,TQVB_chip_top_14_6,mcu7t5v0,oai22_2,False,5
TQVB,TQVB_chip_top_14_6,mcu7t5v0,oai22_4,False,1
TQVB,TQVB_chip_top_14_6,mcu7t5v0,oai31_1,False,58
TQVB,TQVB_chip_top_14_6,mcu7t5v0,oai31_2,False,1
TQVB,TQVB_chip_top_14_6,mcu7t5v0,oai31_4,False,1
TQVB,TQVB_chip_top_14_6,mcu7t5v0,oai32_1,False,54
TQVB,TQVB_chip_top_14_6,mcu7t5v0,oai32_2,False,20
TQVB,TQVB_chip_top_14_6,mcu7t5v0,oai32_4,False,4
TQVB,TQVB_chip_top_14_6,mcu7t5v0,or2_1,False,415
TQVB,TQVB_chip_top_14_6,mcu7t5v0,or2_2,False,24
TQVB,TQVB_chip_top_14_6,mcu7t5v0,or2_4,False,4
TQVB,TQVB_chip_top_14_6,mcu7t5v0,or3_1,False,39
TQVB,TQVB_chip_top_14_6,mcu7t5v0,or4_1,False,8
TQVB,TQVB_chip_top_14_6,mcu7t5v0,tieh,True,41
TQVB,TQVB_chip_top_14_6,mcu7t5v0,tiel,True,244
TQVB,TQVB_chip_top_14_6,mcu7t5v0,xnor2_1,False,2
TQVB,TQVB_chip_top_14_6,mcu7t5v0,xnor3_1,False,3
TQVB,TQVB_chip_top_14_6,mcu7t5v0,xnor3_2,False,1
TQVA,TQVA_chip_top_14_8,mcu7t5v0,and2_1,False,287
TQVA,TQVA_chip_top_14_8,mcu7t5v0,and2_2,False,11
TQVA,TQVA_chip_top_14_8,mcu7t5v0,and2_4,False,2
TQVA,TQVA_chip_top_14_8,mcu7t5v0,and3_1,False,33
TQVA,TQVA_chip_top_14_8,mcu7t5v0,and3_2,False,2
TQVA,TQVA_chip_top_14_8,mcu7t5v0,and3_4,False,1
TQVA,TQVA_chip_top_14_8,mcu7t5v0,and4_1,False,40
TQVA,TQVA_chip_top_14_8,mcu7t5v0,antenna,True,39
TQVA,TQVA_chip_top_14_8,mcu7t5v0,aoi211_1,False,194
TQVA,TQVA_chip_top_14_8,mcu7t5v0,aoi211_2,False,17
TQVA,TQVA_chip_top_14_8,mcu7t5v0,aoi211_4,False,6
TQVA,TQVA_chip_top_14_8,mcu7t5v0,aoi21_1,False,1259
TQVA,TQVA_chip_top_14_8,mcu7t5v0,aoi21_2,False,46
TQVA,TQVA_chip_top_14_8,mcu7t5v0,aoi21_4,False,376
TQVA,TQVA_chip_top_14_8,mcu7t5v0,aoi221_1,False,413
TQVA,TQVA_chip_top_14_8,mcu7t5v0,aoi221_2,False,23
TQVA,TQVA_chip_top_14_8,mcu7t5v0,aoi221_4,False,14
TQVA,TQVA_chip_top_14_8,mcu7t5v0,aoi22_1,False,458
TQVA,TQVA_chip_top_14_8,mcu7t5v0,aoi22_2,False,22
TQVA,TQVA_chip_top_14_8,mcu7t5v0,aoi22_4,False,10
TQVA,TQVA_chip_top_14_8,mcu7t5v0,buf_1,False,913
TQVA,TQVA_chip_top_14_8,mcu7t5v0,buf_12,False,24
TQVA,TQVA_chip_top_14_8,mcu7t5v0,buf_16,False,8
TQVA,TQVA_chip_top_14_8,mcu7t5v0,buf_2,False,2138
TQVA,TQVA_chip_top_14_8,mcu7t5v0,buf_20,False,11
TQVA,TQVA_chip_top_14_8,mcu7t5v0,buf_3,False,49
TQVA,TQVA_chip_top_14_8,mcu7t5v0,buf_4,False,390
TQVA,TQVA_chip_top_14_8,mcu7t5v0,buf_8,False,241
TQVA,TQVA_chip_top_14_8,mcu7t5v0,clkbuf_1,False,311
TQVA,TQVA_chip_top_14_8,mcu7t5v0,clkbuf_12,False,1
TQVA,TQVA_chip_top_14_8,mcu7t5v0,clkbuf_16,False,46
TQVA,TQVA_chip_top_14_8,mcu7t5v0,clkbuf_2,False,209
TQVA,TQVA_chip_top_14_8,mcu7t5v0,clkbuf_3,False,5
TQVA,TQVA_chip_top_14_8,mcu7t5v0,clkbuf_4,False,64
TQVA,TQVA_chip_top_14_8,mcu7t5v0,clkbuf_8,False,466
TQVA,TQVA_chip_top_14_8,mcu7t5v0,clkinv_1,False,3114
TQVA,TQVA_chip_top_14_8,mcu7t5v0,clkinv_12,False,3
TQVA,TQVA_chip_top_14_8,mcu7t5v0,clkinv_16,False,1
TQVA,TQVA_chip_top_14_8,mcu7t5v0,clkinv_2,False,68
TQVA,TQVA_chip_top_14_8,mcu7t5v0,clkinv_20,False,1
TQVA,TQVA_chip_top_14_8,mcu7t5v0,clkinv_3,False,19
TQVA,TQVA_chip_top_14_8,mcu7t5v0,clkinv_4,False,24
TQVA,TQVA_chip_top_14_8,mcu7t5v0,clkinv_8,False,10
TQVA,TQVA_chip_top_14_8,mcu7t5v0,dffnq_1,False,4
TQVA,TQVA_chip_top_14_8,mcu7t5v0,dffnq_2,False,1
TQVA,TQVA_chip_top_14_8,mcu7t5v0,dffq_1,False,2987
TQVA,TQVA_chip_top_14_8,mcu7t5v0,dffq_2,False,26
TQVA,TQVA_chip_top_14_8,mcu7t5v0,dffq_4,False,8
TQVA,TQVA_chip_top_14_8,mcu7t5v0,dffrnq_1,False,430
TQVA,TQVA_chip_top_14_8,mcu7t5v0,dffrnq_2,False,7
TQVA,TQVA_chip_top_14_8,mcu7t5v0,dffsnq_1,False,1
TQVA,TQVA_chip_top_14_8,mcu7t5v0,dlya_1,False,140
TQVA,TQVA_chip_top_14_8,mcu7t5v0,dlya_2,False,11
TQVA,TQVA_chip_top_14_8,mcu7t5v0,dlyb_1,False,756
TQVA,TQVA_chip_top_14_8,mcu7t5v0,dlyc_1,False,30
TQVA,TQVA_chip_top_14_8,mcu7t5v0,endcap,True,1098
TQVA,TQVA_chip_top_14_8,mcu7t5v0,fill_1,True,13553
TQVA,TQVA_chip_top_14_8,mcu7t5v0,fill_2,True,12964
TQVA,TQVA_chip_top_14_8,mcu7t5v0,fillcap_16,True,4628
TQVA,TQVA_chip_top_14_8,mcu7t5v0,fillcap_32,True,1732
TQVA,TQVA_chip_top_14_8,mcu7t5v0,fillcap_4,True,10748
TQVA,TQVA_chip_top_14_8,mcu7t5v0,fillcap_64,True,261
TQVA,TQVA_chip_top_14_8,mcu7t5v0,fillcap_8,True,7662
TQVA,TQVA_chip_top_14_8,mcu7t5v0,filltie,True,9657
TQVA,TQVA_chip_top_14_8,mcu7t5v0,inv_1,False,516
TQVA,TQVA_chip_top_14_8,mcu7t5v0,inv_12,False,3
TQVA,TQVA_chip_top_14_8,mcu7t5v0,inv_16,False,6
TQVA,TQVA_chip_top_14_8,mcu7t5v0,inv_2,False,111
TQVA,TQVA_chip_top_14_8,mcu7t5v0,inv_3,False,53
TQVA,TQVA_chip_top_14_8,mcu7t5v0,inv_4,False,30
TQVA,TQVA_chip_top_14_8,mcu7t5v0,inv_8,False,7
TQVA,TQVA_chip_top_14_8,mcu7t5v0,latq_1,False,955
TQVA,TQVA_chip_top_14_8,mcu7t5v0,mux2_2,False,1
TQVA,TQVA_chip_top_14_8,mcu7t5v0,nand2_1,False,8812
TQVA,TQVA_chip_top_14_8,mcu7t5v0,nand2_2,False,187
TQVA,TQVA_chip_top_14_8,mcu7t5v0,nand2_4,False,30
TQVA,TQVA_chip_top_14_8,mcu7t5v0,nand3_1,False,1661
TQVA,TQVA_chip_top_14_8,mcu7t5v0,nand3_2,False,39
TQVA,TQVA_chip_top_14_8,mcu7t5v0,nand3_4,False,4
TQVA,TQVA_chip_top_14_8,mcu7t5v0,nand4_1,False,464
TQVA,TQVA_chip_top_14_8,mcu7t5v0,nand4_2,False,6
TQVA,TQVA_chip_top_14_8,mcu7t5v0,nand4_4,False,1
TQVA,TQVA_chip_top_14_8,mcu7t5v0,nor2_1,False,1364
TQVA,TQVA_chip_top_14_8,mcu7t5v0,nor2_2,False,71
TQVA,TQVA_chip_top_14_8,mcu7t5v0,nor2_4,False,16
TQVA,TQVA_chip_top_14_8,mcu7t5v0,nor3_1,False,160
TQVA,TQVA_chip_top_14_8,mcu7t5v0,nor3_2,False,8
TQVA,TQVA_chip_top_14_8,mcu7t5v0,nor3_4,False,1
TQVA,TQVA_chip_top_14_8,mcu7t5v0,nor4_1,False,91
TQVA,TQVA_chip_top_14_8,mcu7t5v0,nor4_2,False,4
TQVA,TQVA_chip_top_14_8,mcu7t5v0,nor4_4,False,1
TQVA,TQVA_chip_top_14_8,mcu7t5v0,oai211_1,False,741
TQVA,TQVA_chip_top_14_8,mcu7t5v0,oai211_2,False,21
TQVA,TQVA_chip_top_14_8,mcu7t5v0,oai211_4,False,3
TQVA,TQVA_chip_top_14_8,mcu7t5v0,oai21_1,False,3200
TQVA,TQVA_chip_top_14_8,mcu7t5v0,oai21_2,False,82
TQVA,TQVA_chip_top_14_8,mcu7t5v0,oai21_4,False,17
TQVA,TQVA_chip_top_14_8,mcu7t5v0,oai221_1,False,263
TQVA,TQVA_chip_top_14_8,mcu7t5v0,oai221_2,False,21
TQVA,TQVA_chip_top_14_8,mcu7t5v0,oai22_1,False,386
TQVA,TQVA_chip_top_14_8,mcu7t5v0,oai22_2,False,12
TQVA,TQVA_chip_top_14_8,mcu7t5v0,oai22_4,False,2
TQVA,TQVA_chip_top_14_8,mcu7t5v0,oai31_1,False,71
TQVA,TQVA_chip_top_14_8,mcu7t5v0,oai31_2,False,5
TQVA,TQVA_chip_top_14_8,mcu7t5v0,oai32_1,False,53
TQVA,TQVA_chip_top_14_8,mcu7t5v0,oai32_2,False,9
TQVA,TQVA_chip_top_14_8,mcu7t5v0,oai32_4,False,3
TQVA,TQVA_chip_top_14_8,mcu7t5v0,or2_1,False,395
TQVA,TQVA_chip_top_14_8,mcu7t5v0,or2_2,False,22
TQVA,TQVA_chip_top_14_8,mcu7t5v0,or2_4,False,3
TQVA,TQVA_chip_top_14_8,mcu7t5v0,or3_1,False,37
TQVA,TQVA_chip_top_14_8,mcu7t5v0,or3_2,False,2
TQVA,TQVA_chip_top_14_8,mcu7t5v0,or4_1,False,21
TQVA,TQVA_chip_top_14_8,mcu7t5v0,tieh,True,35
TQVA,TQVA_chip_top_14_8,mcu7t5v0,tiel,True,208
TQVA,TQVA_chip_top_14_8,mcu7t5v0,xnor3_1,False,7
TQVA,TQVA_chip_top_14_8,mcu7t5v0,xor2_1,False,1
TQVA,TQVA_chip_top_14_8,mcu7t5v0,xor3_1,False,1
